Date,Source,Site ID,POC,Daily Mean PM10 Concentration,UNITS,DAILY_AQI_VALUE,Site Name,DAILY_OBS_COUNT,PERCENT_COMPLETE,AQS_PARAMETER_CODE,AQS_PARAMETER_DESC,CBSA_CODE,CBSA_NAME,STATE_CODE,STATE,COUNTY_CODE,COUNTY,SITE_LATITUDE,SITE_LONGITUDE
01/01/2020,AQS,120090007,3,19,ug/m3 SC,18,Melbourne,1,100,81102,PM10 Total 0-10um STP,37340,"Palm Bay-Melbourne-Titusville, FL",12,Florida,9,Brevard,28.053611,-80.628611
01/02/2020,AQS,120090007,3,14,ug/m3 SC,13,Melbourne,1,100,81102,PM10 Total 0-10um STP,37340,"Palm Bay-Melbourne-Titusville, FL",12,Florida,9,Brevard,28.053611,-80.628611
01/03/2020,AQS,120090007,3,16,ug/m3 SC,15,Melbourne,1,100,81102,PM10 Total 0-10um STP,37340,"Palm Bay-Melbourne-Titusville, FL",12,Florida,9,Brevard,28.053611,-80.628611
01/04/2020,AQS,120090007,3,15,ug/m3 SC,14,Melbourne,1,100,81102,PM10 Total 0-10um STP,37340,"Palm Bay-Melbourne-Titusville, FL",12,Florida,9,Brevard,28.053611,-80.628611
01/05/2020,AQS,120090007,3,13,ug/m3 SC,12,Melbourne,1,100,81102,PM10 Total 0-10um STP,37340,"Palm Bay-Melbourne-Titusville, FL",12,Florida,9,Brevard,28.053611,-80.628611
01/06/2020,AQS,120090007,3,12,ug/m3 SC,11,Melbourne,1,100,81102,PM10 Total 0-10um STP,37340,"Palm Bay-Melbourne-Titusville, FL",12,Florida,9,Brevard,28.053611,-80.628611
01/07/2020,AQS,120090007,3,12,ug/m3 SC,11,Melbourne,1,100,81102,PM10 Total 0-10um STP,37340,"Palm Bay-Melbourne-Titusville, FL",12,Florida,9,Brevard,28.053611,-80.628611
01/08/2020,AQS,120090007,3,13,ug/m3 SC,12,Melbourne,1,100,81102,PM10 Total 0-10um STP,37340,"Palm Bay-Melbourne-Titusville, FL",12,Florida,9,Brevard,28.053611,-80.628611
01/09/2020,AQS,120090007,3,19,ug/m3 SC,18,Melbourne,1,100,81102,PM10 Total 0-10um STP,37340,"Palm Bay-Melbourne-Titusville, FL",12,Florida,9,Brevard,28.053611,-80.628611
01/10/2020,AQS,120090007,3,34,ug/m3 SC,31,Melbourne,1,100,81102,PM10 Total 0-10um STP,37340,"Palm Bay-Melbourne-Titusville, FL",12,Florida,9,Brevard,28.053611,-80.628611
01/11/2020,AQS,120090007,3,38,ug/m3 SC,35,Melbourne,1,100,81102,PM10 Total 0-10um STP,37340,"Palm Bay-Melbourne-Titusville, FL",12,Florida,9,Brevard,28.053611,-80.628611
01/12/2020,AQS,120090007,3,34,ug/m3 SC,31,Melbourne,1,100,81102,PM10 Total 0-10um STP,37340,"Palm Bay-Melbourne-Titusville, FL",12,Florida,9,Brevard,28.053611,-80.628611
01/13/2020,AQS,120090007,3,31,ug/m3 SC,29,Melbourne,1,100,81102,PM10 Total 0-10um STP,37340,"Palm Bay-Melbourne-Titusville, FL",12,Florida,9,Brevard,28.053611,-80.628611
01/14/2020,AQS,120090007,3,23,ug/m3 SC,21,Melbourne,1,100,81102,PM10 Total 0-10um STP,37340,"Palm Bay-Melbourne-Titusville, FL",12,Florida,9,Brevard,28.053611,-80.628611
01/15/2020,AQS,120090007,3,19,ug/m3 SC,18,Melbourne,1,100,81102,PM10 Total 0-10um STP,37340,"Palm Bay-Melbourne-Titusville, FL",12,Florida,9,Brevard,28.053611,-80.628611
01/16/2020,AQS,120090007,3,16,ug/m3 SC,15,Melbourne,1,100,81102,PM10 Total 0-10um STP,37340,"Palm Bay-Melbourne-Titusville, FL",12,Florida,9,Brevard,28.053611,-80.628611
01/17/2020,AQS,120090007,3,26,ug/m3 SC,24,Melbourne,1,100,81102,PM10 Total 0-10um STP,37340,"Palm Bay-Melbourne-Titusville, FL",12,Florida,9,Brevard,28.053611,-80.628611
01/18/2020,AQS,120090007,3,25,ug/m3 SC,23,Melbourne,1,100,81102,PM10 Total 0-10um STP,37340,"Palm Bay-Melbourne-Titusville, FL",12,Florida,9,Brevard,28.053611,-80.628611
01/19/2020,AQS,120090007,3,22,ug/m3 SC,20,Melbourne,1,100,81102,PM10 Total 0-10um STP,37340,"Palm Bay-Melbourne-Titusville, FL",12,Florida,9,Brevard,28.053611,-80.628611
01/20/2020,AQS,120090007,3,16,ug/m3 SC,15,Melbourne,1,100,81102,PM10 Total 0-10um STP,37340,"Palm Bay-Melbourne-Titusville, FL",12,Florida,9,Brevard,28.053611,-80.628611
01/21/2020,AQS,120090007,3,19,ug/m3 SC,18,Melbourne,1,100,81102,PM10 Total 0-10um STP,37340,"Palm Bay-Melbourne-Titusville, FL",12,Florida,9,Brevard,28.053611,-80.628611
01/22/2020,AQS,120090007,3,19,ug/m3 SC,18,Melbourne,1,100,81102,PM10 Total 0-10um STP,37340,"Palm Bay-Melbourne-Titusville, FL",12,Florida,9,Brevard,28.053611,-80.628611
01/23/2020,AQS,120090007,3,14,ug/m3 SC,13,Melbourne,1,100,81102,PM10 Total 0-10um STP,37340,"Palm Bay-Melbourne-Titusville, FL",12,Florida,9,Brevard,28.053611,-80.628611
01/24/2020,AQS,120090007,3,15,ug/m3 SC,14,Melbourne,1,100,81102,PM10 Total 0-10um STP,37340,"Palm Bay-Melbourne-Titusville, FL",12,Florida,9,Brevard,28.053611,-80.628611
01/25/2020,AQS,120090007,3,15,ug/m3 SC,14,Melbourne,1,100,81102,PM10 Total 0-10um STP,37340,"Palm Bay-Melbourne-Titusville, FL",12,Florida,9,Brevard,28.053611,-80.628611
01/26/2020,AQS,120090007,3,13,ug/m3 SC,12,Melbourne,1,100,81102,PM10 Total 0-10um STP,37340,"Palm Bay-Melbourne-Titusville, FL",12,Florida,9,Brevard,28.053611,-80.628611
01/27/2020,AQS,120090007,3,12,ug/m3 SC,11,Melbourne,1,100,81102,PM10 Total 0-10um STP,37340,"Palm Bay-Melbourne-Titusville, FL",12,Florida,9,Brevard,28.053611,-80.628611
01/28/2020,AQS,120090007,3,13,ug/m3 SC,12,Melbourne,1,100,81102,PM10 Total 0-10um STP,37340,"Palm Bay-Melbourne-Titusville, FL",12,Florida,9,Brevard,28.053611,-80.628611
01/29/2020,AQS,120090007,3,12,ug/m3 SC,11,Melbourne,1,100,81102,PM10 Total 0-10um STP,37340,"Palm Bay-Melbourne-Titusville, FL",12,Florida,9,Brevard,28.053611,-80.628611
01/30/2020,AQS,120090007,3,20,ug/m3 SC,19,Melbourne,1,100,81102,PM10 Total 0-10um STP,37340,"Palm Bay-Melbourne-Titusville, FL",12,Florida,9,Brevard,28.053611,-80.628611
01/31/2020,AQS,120090007,3,21,ug/m3 SC,19,Melbourne,1,100,81102,PM10 Total 0-10um STP,37340,"Palm Bay-Melbourne-Titusville, FL",12,Florida,9,Brevard,28.053611,-80.628611
02/01/2020,AQS,120090007,3,14,ug/m3 SC,13,Melbourne,1,100,81102,PM10 Total 0-10um STP,37340,"Palm Bay-Melbourne-Titusville, FL",12,Florida,9,Brevard,28.053611,-80.628611
02/02/2020,AQS,120090007,3,9,ug/m3 SC,8,Melbourne,1,100,81102,PM10 Total 0-10um STP,37340,"Palm Bay-Melbourne-Titusville, FL",12,Florida,9,Brevard,28.053611,-80.628611
02/03/2020,AQS,120090007,3,10,ug/m3 SC,9,Melbourne,1,100,81102,PM10 Total 0-10um STP,37340,"Palm Bay-Melbourne-Titusville, FL",12,Florida,9,Brevard,28.053611,-80.628611
02/04/2020,AQS,120090007,3,12,ug/m3 SC,11,Melbourne,1,100,81102,PM10 Total 0-10um STP,37340,"Palm Bay-Melbourne-Titusville, FL",12,Florida,9,Brevard,28.053611,-80.628611
02/05/2020,AQS,120090007,3,14,ug/m3 SC,13,Melbourne,1,100,81102,PM10 Total 0-10um STP,37340,"Palm Bay-Melbourne-Titusville, FL",12,Florida,9,Brevard,28.053611,-80.628611
02/06/2020,AQS,120090007,3,21,ug/m3 SC,19,Melbourne,1,100,81102,PM10 Total 0-10um STP,37340,"Palm Bay-Melbourne-Titusville, FL",12,Florida,9,Brevard,28.053611,-80.628611
02/07/2020,AQS,120090007,3,22,ug/m3 SC,20,Melbourne,1,100,81102,PM10 Total 0-10um STP,37340,"Palm Bay-Melbourne-Titusville, FL",12,Florida,9,Brevard,28.053611,-80.628611
02/08/2020,AQS,120090007,3,13,ug/m3 SC,12,Melbourne,1,100,81102,PM10 Total 0-10um STP,37340,"Palm Bay-Melbourne-Titusville, FL",12,Florida,9,Brevard,28.053611,-80.628611
02/09/2020,AQS,120090007,3,12,ug/m3 SC,11,Melbourne,1,100,81102,PM10 Total 0-10um STP,37340,"Palm Bay-Melbourne-Titusville, FL",12,Florida,9,Brevard,28.053611,-80.628611
02/10/2020,AQS,120090007,3,22,ug/m3 SC,20,Melbourne,1,100,81102,PM10 Total 0-10um STP,37340,"Palm Bay-Melbourne-Titusville, FL",12,Florida,9,Brevard,28.053611,-80.628611
02/11/2020,AQS,120090007,3,21,ug/m3 SC,19,Melbourne,1,100,81102,PM10 Total 0-10um STP,37340,"Palm Bay-Melbourne-Titusville, FL",12,Florida,9,Brevard,28.053611,-80.628611
02/12/2020,AQS,120090007,3,21,ug/m3 SC,19,Melbourne,1,100,81102,PM10 Total 0-10um STP,37340,"Palm Bay-Melbourne-Titusville, FL",12,Florida,9,Brevard,28.053611,-80.628611
02/13/2020,AQS,120090007,3,30,ug/m3 SC,28,Melbourne,1,100,81102,PM10 Total 0-10um STP,37340,"Palm Bay-Melbourne-Titusville, FL",12,Florida,9,Brevard,28.053611,-80.628611
02/14/2020,AQS,120090007,3,21,ug/m3 SC,19,Melbourne,1,100,81102,PM10 Total 0-10um STP,37340,"Palm Bay-Melbourne-Titusville, FL",12,Florida,9,Brevard,28.053611,-80.628611
02/15/2020,AQS,120090007,3,21,ug/m3 SC,19,Melbourne,1,100,81102,PM10 Total 0-10um STP,37340,"Palm Bay-Melbourne-Titusville, FL",12,Florida,9,Brevard,28.053611,-80.628611
02/16/2020,AQS,120090007,3,21,ug/m3 SC,19,Melbourne,1,100,81102,PM10 Total 0-10um STP,37340,"Palm Bay-Melbourne-Titusville, FL",12,Florida,9,Brevard,28.053611,-80.628611
02/17/2020,AQS,120090007,3,11,ug/m3 SC,10,Melbourne,1,100,81102,PM10 Total 0-10um STP,37340,"Palm Bay-Melbourne-Titusville, FL",12,Florida,9,Brevard,28.053611,-80.628611
02/18/2020,AQS,120090007,3,14,ug/m3 SC,13,Melbourne,1,100,81102,PM10 Total 0-10um STP,37340,"Palm Bay-Melbourne-Titusville, FL",12,Florida,9,Brevard,28.053611,-80.628611
02/19/2020,AQS,120090007,3,15,ug/m3 SC,14,Melbourne,1,100,81102,PM10 Total 0-10um STP,37340,"Palm Bay-Melbourne-Titusville, FL",12,Florida,9,Brevard,28.053611,-80.628611
02/20/2020,AQS,120090007,3,18,ug/m3 SC,17,Melbourne,1,100,81102,PM10 Total 0-10um STP,37340,"Palm Bay-Melbourne-Titusville, FL",12,Florida,9,Brevard,28.053611,-80.628611
02/21/2020,AQS,120090007,3,15,ug/m3 SC,14,Melbourne,1,100,81102,PM10 Total 0-10um STP,37340,"Palm Bay-Melbourne-Titusville, FL",12,Florida,9,Brevard,28.053611,-80.628611
02/22/2020,AQS,120090007,3,20,ug/m3 SC,19,Melbourne,1,100,81102,PM10 Total 0-10um STP,37340,"Palm Bay-Melbourne-Titusville, FL",12,Florida,9,Brevard,28.053611,-80.628611
02/23/2020,AQS,120090007,3,15,ug/m3 SC,14,Melbourne,1,100,81102,PM10 Total 0-10um STP,37340,"Palm Bay-Melbourne-Titusville, FL",12,Florida,9,Brevard,28.053611,-80.628611
02/24/2020,AQS,120090007,3,13,ug/m3 SC,12,Melbourne,1,100,81102,PM10 Total 0-10um STP,37340,"Palm Bay-Melbourne-Titusville, FL",12,Florida,9,Brevard,28.053611,-80.628611
02/25/2020,AQS,120090007,3,18,ug/m3 SC,17,Melbourne,1,100,81102,PM10 Total 0-10um STP,37340,"Palm Bay-Melbourne-Titusville, FL",12,Florida,9,Brevard,28.053611,-80.628611
02/26/2020,AQS,120090007,3,13,ug/m3 SC,12,Melbourne,1,100,81102,PM10 Total 0-10um STP,37340,"Palm Bay-Melbourne-Titusville, FL",12,Florida,9,Brevard,28.053611,-80.628611
02/27/2020,AQS,120090007,3,10,ug/m3 SC,9,Melbourne,1,100,81102,PM10 Total 0-10um STP,37340,"Palm Bay-Melbourne-Titusville, FL",12,Florida,9,Brevard,28.053611,-80.628611
02/28/2020,AQS,120090007,3,14,ug/m3 SC,13,Melbourne,1,100,81102,PM10 Total 0-10um STP,37340,"Palm Bay-Melbourne-Titusville, FL",12,Florida,9,Brevard,28.053611,-80.628611
02/29/2020,AQS,120090007,3,15,ug/m3 SC,14,Melbourne,1,100,81102,PM10 Total 0-10um STP,37340,"Palm Bay-Melbourne-Titusville, FL",12,Florida,9,Brevard,28.053611,-80.628611
03/01/2020,AQS,120090007,3,14,ug/m3 SC,13,Melbourne,1,100,81102,PM10 Total 0-10um STP,37340,"Palm Bay-Melbourne-Titusville, FL",12,Florida,9,Brevard,28.053611,-80.628611
03/02/2020,AQS,120090007,3,19,ug/m3 SC,18,Melbourne,1,100,81102,PM10 Total 0-10um STP,37340,"Palm Bay-Melbourne-Titusville, FL",12,Florida,9,Brevard,28.053611,-80.628611
03/03/2020,AQS,120090007,3,25,ug/m3 SC,23,Melbourne,1,100,81102,PM10 Total 0-10um STP,37340,"Palm Bay-Melbourne-Titusville, FL",12,Florida,9,Brevard,28.053611,-80.628611
03/04/2020,AQS,120090007,3,30,ug/m3 SC,28,Melbourne,1,100,81102,PM10 Total 0-10um STP,37340,"Palm Bay-Melbourne-Titusville, FL",12,Florida,9,Brevard,28.053611,-80.628611
03/06/2020,AQS,120090007,3,16,ug/m3 SC,15,Melbourne,1,100,81102,PM10 Total 0-10um STP,37340,"Palm Bay-Melbourne-Titusville, FL",12,Florida,9,Brevard,28.053611,-80.628611
03/07/2020,AQS,120090007,3,19,ug/m3 SC,18,Melbourne,1,100,81102,PM10 Total 0-10um STP,37340,"Palm Bay-Melbourne-Titusville, FL",12,Florida,9,Brevard,28.053611,-80.628611
03/08/2020,AQS,120090007,3,20,ug/m3 SC,19,Melbourne,1,100,81102,PM10 Total 0-10um STP,37340,"Palm Bay-Melbourne-Titusville, FL",12,Florida,9,Brevard,28.053611,-80.628611
03/09/2020,AQS,120090007,3,24,ug/m3 SC,22,Melbourne,1,100,81102,PM10 Total 0-10um STP,37340,"Palm Bay-Melbourne-Titusville, FL",12,Florida,9,Brevard,28.053611,-80.628611
03/10/2020,AQS,120090007,3,27,ug/m3 SC,25,Melbourne,1,100,81102,PM10 Total 0-10um STP,37340,"Palm Bay-Melbourne-Titusville, FL",12,Florida,9,Brevard,28.053611,-80.628611
03/11/2020,AQS,120090007,3,21,ug/m3 SC,19,Melbourne,1,100,81102,PM10 Total 0-10um STP,37340,"Palm Bay-Melbourne-Titusville, FL",12,Florida,9,Brevard,28.053611,-80.628611
03/12/2020,AQS,120090007,3,20,ug/m3 SC,19,Melbourne,1,100,81102,PM10 Total 0-10um STP,37340,"Palm Bay-Melbourne-Titusville, FL",12,Florida,9,Brevard,28.053611,-80.628611
03/13/2020,AQS,120090007,3,17,ug/m3 SC,16,Melbourne,1,100,81102,PM10 Total 0-10um STP,37340,"Palm Bay-Melbourne-Titusville, FL",12,Florida,9,Brevard,28.053611,-80.628611
03/14/2020,AQS,120090007,3,14,ug/m3 SC,13,Melbourne,1,100,81102,PM10 Total 0-10um STP,37340,"Palm Bay-Melbourne-Titusville, FL",12,Florida,9,Brevard,28.053611,-80.628611
03/15/2020,AQS,120090007,3,13,ug/m3 SC,12,Melbourne,1,100,81102,PM10 Total 0-10um STP,37340,"Palm Bay-Melbourne-Titusville, FL",12,Florida,9,Brevard,28.053611,-80.628611
03/16/2020,AQS,120090007,3,14,ug/m3 SC,13,Melbourne,1,100,81102,PM10 Total 0-10um STP,37340,"Palm Bay-Melbourne-Titusville, FL",12,Florida,9,Brevard,28.053611,-80.628611
03/17/2020,AQS,120090007,3,15,ug/m3 SC,14,Melbourne,1,100,81102,PM10 Total 0-10um STP,37340,"Palm Bay-Melbourne-Titusville, FL",12,Florida,9,Brevard,28.053611,-80.628611
03/18/2020,AQS,120090007,3,12,ug/m3 SC,11,Melbourne,1,100,81102,PM10 Total 0-10um STP,37340,"Palm Bay-Melbourne-Titusville, FL",12,Florida,9,Brevard,28.053611,-80.628611
03/19/2020,AQS,120090007,3,16,ug/m3 SC,15,Melbourne,1,100,81102,PM10 Total 0-10um STP,37340,"Palm Bay-Melbourne-Titusville, FL",12,Florida,9,Brevard,28.053611,-80.628611
03/20/2020,AQS,120090007,3,19,ug/m3 SC,18,Melbourne,1,100,81102,PM10 Total 0-10um STP,37340,"Palm Bay-Melbourne-Titusville, FL",12,Florida,9,Brevard,28.053611,-80.628611
03/21/2020,AQS,120090007,3,18,ug/m3 SC,17,Melbourne,1,100,81102,PM10 Total 0-10um STP,37340,"Palm Bay-Melbourne-Titusville, FL",12,Florida,9,Brevard,28.053611,-80.628611
03/22/2020,AQS,120090007,3,16,ug/m3 SC,15,Melbourne,1,100,81102,PM10 Total 0-10um STP,37340,"Palm Bay-Melbourne-Titusville, FL",12,Florida,9,Brevard,28.053611,-80.628611
03/23/2020,AQS,120090007,3,14,ug/m3 SC,13,Melbourne,1,100,81102,PM10 Total 0-10um STP,37340,"Palm Bay-Melbourne-Titusville, FL",12,Florida,9,Brevard,28.053611,-80.628611
03/24/2020,AQS,120090007,3,15,ug/m3 SC,14,Melbourne,1,100,81102,PM10 Total 0-10um STP,37340,"Palm Bay-Melbourne-Titusville, FL",12,Florida,9,Brevard,28.053611,-80.628611
03/25/2020,AQS,120090007,3,19,ug/m3 SC,18,Melbourne,1,100,81102,PM10 Total 0-10um STP,37340,"Palm Bay-Melbourne-Titusville, FL",12,Florida,9,Brevard,28.053611,-80.628611
03/26/2020,AQS,120090007,3,24,ug/m3 SC,22,Melbourne,1,100,81102,PM10 Total 0-10um STP,37340,"Palm Bay-Melbourne-Titusville, FL",12,Florida,9,Brevard,28.053611,-80.628611
03/27/2020,AQS,120090007,3,21,ug/m3 SC,19,Melbourne,1,100,81102,PM10 Total 0-10um STP,37340,"Palm Bay-Melbourne-Titusville, FL",12,Florida,9,Brevard,28.053611,-80.628611
03/28/2020,AQS,120090007,3,20,ug/m3 SC,19,Melbourne,1,100,81102,PM10 Total 0-10um STP,37340,"Palm Bay-Melbourne-Titusville, FL",12,Florida,9,Brevard,28.053611,-80.628611
03/29/2020,AQS,120090007,3,17,ug/m3 SC,16,Melbourne,1,100,81102,PM10 Total 0-10um STP,37340,"Palm Bay-Melbourne-Titusville, FL",12,Florida,9,Brevard,28.053611,-80.628611
03/30/2020,AQS,120090007,3,16,ug/m3 SC,15,Melbourne,1,100,81102,PM10 Total 0-10um STP,37340,"Palm Bay-Melbourne-Titusville, FL",12,Florida,9,Brevard,28.053611,-80.628611
03/31/2020,AQS,120090007,3,22,ug/m3 SC,20,Melbourne,1,100,81102,PM10 Total 0-10um STP,37340,"Palm Bay-Melbourne-Titusville, FL",12,Florida,9,Brevard,28.053611,-80.628611
04/01/2020,AQS,120090007,3,15,ug/m3 SC,14,Melbourne,1,100,81102,PM10 Total 0-10um STP,37340,"Palm Bay-Melbourne-Titusville, FL",12,Florida,9,Brevard,28.053611,-80.628611
04/02/2020,AQS,120090007,3,11,ug/m3 SC,10,Melbourne,1,100,81102,PM10 Total 0-10um STP,37340,"Palm Bay-Melbourne-Titusville, FL",12,Florida,9,Brevard,28.053611,-80.628611
04/03/2020,AQS,120090007,3,14,ug/m3 SC,13,Melbourne,1,100,81102,PM10 Total 0-10um STP,37340,"Palm Bay-Melbourne-Titusville, FL",12,Florida,9,Brevard,28.053611,-80.628611
04/04/2020,AQS,120090007,3,17,ug/m3 SC,16,Melbourne,1,100,81102,PM10 Total 0-10um STP,37340,"Palm Bay-Melbourne-Titusville, FL",12,Florida,9,Brevard,28.053611,-80.628611
04/05/2020,AQS,120090007,3,21,ug/m3 SC,19,Melbourne,1,100,81102,PM10 Total 0-10um STP,37340,"Palm Bay-Melbourne-Titusville, FL",12,Florida,9,Brevard,28.053611,-80.628611
04/06/2020,AQS,120090007,3,11,ug/m3 SC,10,Melbourne,1,100,81102,PM10 Total 0-10um STP,37340,"Palm Bay-Melbourne-Titusville, FL",12,Florida,9,Brevard,28.053611,-80.628611
04/07/2020,AQS,120090007,3,11,ug/m3 SC,10,Melbourne,1,100,81102,PM10 Total 0-10um STP,37340,"Palm Bay-Melbourne-Titusville, FL",12,Florida,9,Brevard,28.053611,-80.628611
04/08/2020,AQS,120090007,3,14,ug/m3 SC,13,Melbourne,1,100,81102,PM10 Total 0-10um STP,37340,"Palm Bay-Melbourne-Titusville, FL",12,Florida,9,Brevard,28.053611,-80.628611
04/09/2020,AQS,120090007,3,21,ug/m3 SC,19,Melbourne,1,100,81102,PM10 Total 0-10um STP,37340,"Palm Bay-Melbourne-Titusville, FL",12,Florida,9,Brevard,28.053611,-80.628611
04/10/2020,AQS,120090007,3,23,ug/m3 SC,21,Melbourne,1,100,81102,PM10 Total 0-10um STP,37340,"Palm Bay-Melbourne-Titusville, FL",12,Florida,9,Brevard,28.053611,-80.628611
04/11/2020,AQS,120090007,3,21,ug/m3 SC,19,Melbourne,1,100,81102,PM10 Total 0-10um STP,37340,"Palm Bay-Melbourne-Titusville, FL",12,Florida,9,Brevard,28.053611,-80.628611
04/12/2020,AQS,120090007,3,29,ug/m3 SC,27,Melbourne,1,100,81102,PM10 Total 0-10um STP,37340,"Palm Bay-Melbourne-Titusville, FL",12,Florida,9,Brevard,28.053611,-80.628611
04/13/2020,AQS,120090007,3,35,ug/m3 SC,32,Melbourne,1,100,81102,PM10 Total 0-10um STP,37340,"Palm Bay-Melbourne-Titusville, FL",12,Florida,9,Brevard,28.053611,-80.628611
04/14/2020,AQS,120090007,3,30,ug/m3 SC,28,Melbourne,1,100,81102,PM10 Total 0-10um STP,37340,"Palm Bay-Melbourne-Titusville, FL",12,Florida,9,Brevard,28.053611,-80.628611
04/15/2020,AQS,120090007,3,29,ug/m3 SC,27,Melbourne,1,100,81102,PM10 Total 0-10um STP,37340,"Palm Bay-Melbourne-Titusville, FL",12,Florida,9,Brevard,28.053611,-80.628611
04/16/2020,AQS,120090007,3,19,ug/m3 SC,18,Melbourne,1,100,81102,PM10 Total 0-10um STP,37340,"Palm Bay-Melbourne-Titusville, FL",12,Florida,9,Brevard,28.053611,-80.628611
04/17/2020,AQS,120090007,3,23,ug/m3 SC,21,Melbourne,1,100,81102,PM10 Total 0-10um STP,37340,"Palm Bay-Melbourne-Titusville, FL",12,Florida,9,Brevard,28.053611,-80.628611
04/18/2020,AQS,120090007,3,11,ug/m3 SC,10,Melbourne,1,100,81102,PM10 Total 0-10um STP,37340,"Palm Bay-Melbourne-Titusville, FL",12,Florida,9,Brevard,28.053611,-80.628611
04/19/2020,AQS,120090007,3,16,ug/m3 SC,15,Melbourne,1,100,81102,PM10 Total 0-10um STP,37340,"Palm Bay-Melbourne-Titusville, FL",12,Florida,9,Brevard,28.053611,-80.628611
04/20/2020,AQS,120090007,3,19,ug/m3 SC,18,Melbourne,1,100,81102,PM10 Total 0-10um STP,37340,"Palm Bay-Melbourne-Titusville, FL",12,Florida,9,Brevard,28.053611,-80.628611
04/21/2020,AQS,120090007,3,12,ug/m3 SC,11,Melbourne,1,100,81102,PM10 Total 0-10um STP,37340,"Palm Bay-Melbourne-Titusville, FL",12,Florida,9,Brevard,28.053611,-80.628611
04/22/2020,AQS,120090007,3,17,ug/m3 SC,16,Melbourne,1,100,81102,PM10 Total 0-10um STP,37340,"Palm Bay-Melbourne-Titusville, FL",12,Florida,9,Brevard,28.053611,-80.628611
04/23/2020,AQS,120090007,3,20,ug/m3 SC,19,Melbourne,1,100,81102,PM10 Total 0-10um STP,37340,"Palm Bay-Melbourne-Titusville, FL",12,Florida,9,Brevard,28.053611,-80.628611
04/24/2020,AQS,120090007,3,15,ug/m3 SC,14,Melbourne,1,100,81102,PM10 Total 0-10um STP,37340,"Palm Bay-Melbourne-Titusville, FL",12,Florida,9,Brevard,28.053611,-80.628611
04/25/2020,AQS,120090007,3,18,ug/m3 SC,17,Melbourne,1,100,81102,PM10 Total 0-10um STP,37340,"Palm Bay-Melbourne-Titusville, FL",12,Florida,9,Brevard,28.053611,-80.628611
04/26/2020,AQS,120090007,3,23,ug/m3 SC,21,Melbourne,1,100,81102,PM10 Total 0-10um STP,37340,"Palm Bay-Melbourne-Titusville, FL",12,Florida,9,Brevard,28.053611,-80.628611
04/27/2020,AQS,120090007,3,13,ug/m3 SC,12,Melbourne,1,100,81102,PM10 Total 0-10um STP,37340,"Palm Bay-Melbourne-Titusville, FL",12,Florida,9,Brevard,28.053611,-80.628611
04/28/2020,AQS,120090007,3,10,ug/m3 SC,9,Melbourne,1,100,81102,PM10 Total 0-10um STP,37340,"Palm Bay-Melbourne-Titusville, FL",12,Florida,9,Brevard,28.053611,-80.628611
04/29/2020,AQS,120090007,3,19,ug/m3 SC,18,Melbourne,1,100,81102,PM10 Total 0-10um STP,37340,"Palm Bay-Melbourne-Titusville, FL",12,Florida,9,Brevard,28.053611,-80.628611
04/30/2020,AQS,120090007,3,12,ug/m3 SC,11,Melbourne,1,100,81102,PM10 Total 0-10um STP,37340,"Palm Bay-Melbourne-Titusville, FL",12,Florida,9,Brevard,28.053611,-80.628611
05/01/2020,AQS,120090007,3,13,ug/m3 SC,12,Melbourne,1,100,81102,PM10 Total 0-10um STP,37340,"Palm Bay-Melbourne-Titusville, FL",12,Florida,9,Brevard,28.053611,-80.628611
05/02/2020,AQS,120090007,3,14,ug/m3 SC,13,Melbourne,1,100,81102,PM10 Total 0-10um STP,37340,"Palm Bay-Melbourne-Titusville, FL",12,Florida,9,Brevard,28.053611,-80.628611
05/03/2020,AQS,120090007,3,10,ug/m3 SC,9,Melbourne,1,100,81102,PM10 Total 0-10um STP,37340,"Palm Bay-Melbourne-Titusville, FL",12,Florida,9,Brevard,28.053611,-80.628611
05/04/2020,AQS,120090007,3,12,ug/m3 SC,11,Melbourne,1,100,81102,PM10 Total 0-10um STP,37340,"Palm Bay-Melbourne-Titusville, FL",12,Florida,9,Brevard,28.053611,-80.628611
05/05/2020,AQS,120090007,3,15,ug/m3 SC,14,Melbourne,1,100,81102,PM10 Total 0-10um STP,37340,"Palm Bay-Melbourne-Titusville, FL",12,Florida,9,Brevard,28.053611,-80.628611
05/06/2020,AQS,120090007,3,19,ug/m3 SC,18,Melbourne,1,100,81102,PM10 Total 0-10um STP,37340,"Palm Bay-Melbourne-Titusville, FL",12,Florida,9,Brevard,28.053611,-80.628611
05/07/2020,AQS,120090007,3,19,ug/m3 SC,18,Melbourne,1,100,81102,PM10 Total 0-10um STP,37340,"Palm Bay-Melbourne-Titusville, FL",12,Florida,9,Brevard,28.053611,-80.628611
05/08/2020,AQS,120090007,3,15,ug/m3 SC,14,Melbourne,1,100,81102,PM10 Total 0-10um STP,37340,"Palm Bay-Melbourne-Titusville, FL",12,Florida,9,Brevard,28.053611,-80.628611
05/09/2020,AQS,120090007,3,20,ug/m3 SC,19,Melbourne,1,100,81102,PM10 Total 0-10um STP,37340,"Palm Bay-Melbourne-Titusville, FL",12,Florida,9,Brevard,28.053611,-80.628611
05/10/2020,AQS,120090007,3,17,ug/m3 SC,16,Melbourne,1,100,81102,PM10 Total 0-10um STP,37340,"Palm Bay-Melbourne-Titusville, FL",12,Florida,9,Brevard,28.053611,-80.628611
05/11/2020,AQS,120090007,3,15,ug/m3 SC,14,Melbourne,1,100,81102,PM10 Total 0-10um STP,37340,"Palm Bay-Melbourne-Titusville, FL",12,Florida,9,Brevard,28.053611,-80.628611
05/12/2020,AQS,120090007,3,18,ug/m3 SC,17,Melbourne,1,100,81102,PM10 Total 0-10um STP,37340,"Palm Bay-Melbourne-Titusville, FL",12,Florida,9,Brevard,28.053611,-80.628611
05/13/2020,AQS,120090007,3,20,ug/m3 SC,19,Melbourne,1,100,81102,PM10 Total 0-10um STP,37340,"Palm Bay-Melbourne-Titusville, FL",12,Florida,9,Brevard,28.053611,-80.628611
05/14/2020,AQS,120090007,3,22,ug/m3 SC,20,Melbourne,1,100,81102,PM10 Total 0-10um STP,37340,"Palm Bay-Melbourne-Titusville, FL",12,Florida,9,Brevard,28.053611,-80.628611
05/15/2020,AQS,120090007,3,28,ug/m3 SC,26,Melbourne,1,100,81102,PM10 Total 0-10um STP,37340,"Palm Bay-Melbourne-Titusville, FL",12,Florida,9,Brevard,28.053611,-80.628611
05/16/2020,AQS,120090007,3,17,ug/m3 SC,16,Melbourne,1,100,81102,PM10 Total 0-10um STP,37340,"Palm Bay-Melbourne-Titusville, FL",12,Florida,9,Brevard,28.053611,-80.628611
05/17/2020,AQS,120090007,3,18,ug/m3 SC,17,Melbourne,1,100,81102,PM10 Total 0-10um STP,37340,"Palm Bay-Melbourne-Titusville, FL",12,Florida,9,Brevard,28.053611,-80.628611
05/18/2020,AQS,120090007,3,11,ug/m3 SC,10,Melbourne,1,100,81102,PM10 Total 0-10um STP,37340,"Palm Bay-Melbourne-Titusville, FL",12,Florida,9,Brevard,28.053611,-80.628611
05/19/2020,AQS,120090007,3,15,ug/m3 SC,14,Melbourne,1,100,81102,PM10 Total 0-10um STP,37340,"Palm Bay-Melbourne-Titusville, FL",12,Florida,9,Brevard,28.053611,-80.628611
05/20/2020,AQS,120090007,3,14,ug/m3 SC,13,Melbourne,1,100,81102,PM10 Total 0-10um STP,37340,"Palm Bay-Melbourne-Titusville, FL",12,Florida,9,Brevard,28.053611,-80.628611
05/21/2020,AQS,120090007,3,23,ug/m3 SC,21,Melbourne,1,100,81102,PM10 Total 0-10um STP,37340,"Palm Bay-Melbourne-Titusville, FL",12,Florida,9,Brevard,28.053611,-80.628611
05/22/2020,AQS,120090007,3,21,ug/m3 SC,19,Melbourne,1,100,81102,PM10 Total 0-10um STP,37340,"Palm Bay-Melbourne-Titusville, FL",12,Florida,9,Brevard,28.053611,-80.628611
05/23/2020,AQS,120090007,3,17,ug/m3 SC,16,Melbourne,1,100,81102,PM10 Total 0-10um STP,37340,"Palm Bay-Melbourne-Titusville, FL",12,Florida,9,Brevard,28.053611,-80.628611
05/24/2020,AQS,120090007,3,19,ug/m3 SC,18,Melbourne,1,100,81102,PM10 Total 0-10um STP,37340,"Palm Bay-Melbourne-Titusville, FL",12,Florida,9,Brevard,28.053611,-80.628611
05/25/2020,AQS,120090007,3,17,ug/m3 SC,16,Melbourne,1,100,81102,PM10 Total 0-10um STP,37340,"Palm Bay-Melbourne-Titusville, FL",12,Florida,9,Brevard,28.053611,-80.628611
05/26/2020,AQS,120090007,3,13,ug/m3 SC,12,Melbourne,1,100,81102,PM10 Total 0-10um STP,37340,"Palm Bay-Melbourne-Titusville, FL",12,Florida,9,Brevard,28.053611,-80.628611
05/27/2020,AQS,120090007,3,23,ug/m3 SC,21,Melbourne,1,100,81102,PM10 Total 0-10um STP,37340,"Palm Bay-Melbourne-Titusville, FL",12,Florida,9,Brevard,28.053611,-80.628611
05/28/2020,AQS,120090007,3,21,ug/m3 SC,19,Melbourne,1,100,81102,PM10 Total 0-10um STP,37340,"Palm Bay-Melbourne-Titusville, FL",12,Florida,9,Brevard,28.053611,-80.628611
05/29/2020,AQS,120090007,3,15,ug/m3 SC,14,Melbourne,1,100,81102,PM10 Total 0-10um STP,37340,"Palm Bay-Melbourne-Titusville, FL",12,Florida,9,Brevard,28.053611,-80.628611
05/30/2020,AQS,120090007,3,20,ug/m3 SC,19,Melbourne,1,100,81102,PM10 Total 0-10um STP,37340,"Palm Bay-Melbourne-Titusville, FL",12,Florida,9,Brevard,28.053611,-80.628611
05/31/2020,AQS,120090007,3,18,ug/m3 SC,17,Melbourne,1,100,81102,PM10 Total 0-10um STP,37340,"Palm Bay-Melbourne-Titusville, FL",12,Florida,9,Brevard,28.053611,-80.628611
06/01/2020,AQS,120090007,3,17,ug/m3 SC,16,Melbourne,1,100,81102,PM10 Total 0-10um STP,37340,"Palm Bay-Melbourne-Titusville, FL",12,Florida,9,Brevard,28.053611,-80.628611
06/02/2020,AQS,120090007,3,23,ug/m3 SC,21,Melbourne,1,100,81102,PM10 Total 0-10um STP,37340,"Palm Bay-Melbourne-Titusville, FL",12,Florida,9,Brevard,28.053611,-80.628611
06/03/2020,AQS,120090007,3,18,ug/m3 SC,17,Melbourne,1,100,81102,PM10 Total 0-10um STP,37340,"Palm Bay-Melbourne-Titusville, FL",12,Florida,9,Brevard,28.053611,-80.628611
06/04/2020,AQS,120090007,3,13,ug/m3 SC,12,Melbourne,1,100,81102,PM10 Total 0-10um STP,37340,"Palm Bay-Melbourne-Titusville, FL",12,Florida,9,Brevard,28.053611,-80.628611
06/05/2020,AQS,120090007,3,16,ug/m3 SC,15,Melbourne,1,100,81102,PM10 Total 0-10um STP,37340,"Palm Bay-Melbourne-Titusville, FL",12,Florida,9,Brevard,28.053611,-80.628611
06/06/2020,AQS,120090007,3,26,ug/m3 SC,24,Melbourne,1,100,81102,PM10 Total 0-10um STP,37340,"Palm Bay-Melbourne-Titusville, FL",12,Florida,9,Brevard,28.053611,-80.628611
06/07/2020,AQS,120090007,3,24,ug/m3 SC,22,Melbourne,1,100,81102,PM10 Total 0-10um STP,37340,"Palm Bay-Melbourne-Titusville, FL",12,Florida,9,Brevard,28.053611,-80.628611
06/08/2020,AQS,120090007,3,21,ug/m3 SC,19,Melbourne,1,100,81102,PM10 Total 0-10um STP,37340,"Palm Bay-Melbourne-Titusville, FL",12,Florida,9,Brevard,28.053611,-80.628611
06/09/2020,AQS,120090007,3,17,ug/m3 SC,16,Melbourne,1,100,81102,PM10 Total 0-10um STP,37340,"Palm Bay-Melbourne-Titusville, FL",12,Florida,9,Brevard,28.053611,-80.628611
06/10/2020,AQS,120090007,3,14,ug/m3 SC,13,Melbourne,1,100,81102,PM10 Total 0-10um STP,37340,"Palm Bay-Melbourne-Titusville, FL",12,Florida,9,Brevard,28.053611,-80.628611
06/11/2020,AQS,120090007,3,13,ug/m3 SC,12,Melbourne,1,100,81102,PM10 Total 0-10um STP,37340,"Palm Bay-Melbourne-Titusville, FL",12,Florida,9,Brevard,28.053611,-80.628611
06/12/2020,AQS,120090007,3,14,ug/m3 SC,13,Melbourne,1,100,81102,PM10 Total 0-10um STP,37340,"Palm Bay-Melbourne-Titusville, FL",12,Florida,9,Brevard,28.053611,-80.628611
06/13/2020,AQS,120090007,3,12,ug/m3 SC,11,Melbourne,1,100,81102,PM10 Total 0-10um STP,37340,"Palm Bay-Melbourne-Titusville, FL",12,Florida,9,Brevard,28.053611,-80.628611
06/14/2020,AQS,120090007,3,11,ug/m3 SC,10,Melbourne,1,100,81102,PM10 Total 0-10um STP,37340,"Palm Bay-Melbourne-Titusville, FL",12,Florida,9,Brevard,28.053611,-80.628611
06/15/2020,AQS,120090007,3,13,ug/m3 SC,12,Melbourne,1,100,81102,PM10 Total 0-10um STP,37340,"Palm Bay-Melbourne-Titusville, FL",12,Florida,9,Brevard,28.053611,-80.628611
06/16/2020,AQS,120090007,3,13,ug/m3 SC,12,Melbourne,1,100,81102,PM10 Total 0-10um STP,37340,"Palm Bay-Melbourne-Titusville, FL",12,Florida,9,Brevard,28.053611,-80.628611
06/17/2020,AQS,120090007,3,12,ug/m3 SC,11,Melbourne,1,100,81102,PM10 Total 0-10um STP,37340,"Palm Bay-Melbourne-Titusville, FL",12,Florida,9,Brevard,28.053611,-80.628611
06/18/2020,AQS,120090007,3,13,ug/m3 SC,12,Melbourne,1,100,81102,PM10 Total 0-10um STP,37340,"Palm Bay-Melbourne-Titusville, FL",12,Florida,9,Brevard,28.053611,-80.628611
06/19/2020,AQS,120090007,3,10,ug/m3 SC,9,Melbourne,1,100,81102,PM10 Total 0-10um STP,37340,"Palm Bay-Melbourne-Titusville, FL",12,Florida,9,Brevard,28.053611,-80.628611
06/20/2020,AQS,120090007,3,10,ug/m3 SC,9,Melbourne,1,100,81102,PM10 Total 0-10um STP,37340,"Palm Bay-Melbourne-Titusville, FL",12,Florida,9,Brevard,28.053611,-80.628611
06/21/2020,AQS,120090007,3,12,ug/m3 SC,11,Melbourne,1,100,81102,PM10 Total 0-10um STP,37340,"Palm Bay-Melbourne-Titusville, FL",12,Florida,9,Brevard,28.053611,-80.628611
06/22/2020,AQS,120090007,3,11,ug/m3 SC,10,Melbourne,1,100,81102,PM10 Total 0-10um STP,37340,"Palm Bay-Melbourne-Titusville, FL",12,Florida,9,Brevard,28.053611,-80.628611
06/23/2020,AQS,120090007,3,10,ug/m3 SC,9,Melbourne,1,100,81102,PM10 Total 0-10um STP,37340,"Palm Bay-Melbourne-Titusville, FL",12,Florida,9,Brevard,28.053611,-80.628611
06/24/2020,AQS,120090007,3,13,ug/m3 SC,12,Melbourne,1,100,81102,PM10 Total 0-10um STP,37340,"Palm Bay-Melbourne-Titusville, FL",12,Florida,9,Brevard,28.053611,-80.628611
06/25/2020,AQS,120090007,3,25,ug/m3 SC,23,Melbourne,1,100,81102,PM10 Total 0-10um STP,37340,"Palm Bay-Melbourne-Titusville, FL",12,Florida,9,Brevard,28.053611,-80.628611
06/30/2020,AQS,120090007,3,40,ug/m3 SC,37,Melbourne,1,100,81102,PM10 Total 0-10um STP,37340,"Palm Bay-Melbourne-Titusville, FL",12,Florida,9,Brevard,28.053611,-80.628611
07/01/2020,AQS,120090007,3,28,ug/m3 SC,26,Melbourne,1,100,81102,PM10 Total 0-10um STP,37340,"Palm Bay-Melbourne-Titusville, FL",12,Florida,9,Brevard,28.053611,-80.628611
07/02/2020,AQS,120090007,3,23,ug/m3 SC,21,Melbourne,1,100,81102,PM10 Total 0-10um STP,37340,"Palm Bay-Melbourne-Titusville, FL",12,Florida,9,Brevard,28.053611,-80.628611
07/03/2020,AQS,120090007,3,29,ug/m3 SC,27,Melbourne,1,100,81102,PM10 Total 0-10um STP,37340,"Palm Bay-Melbourne-Titusville, FL",12,Florida,9,Brevard,28.053611,-80.628611
07/04/2020,AQS,120090007,3,42,ug/m3 SC,39,Melbourne,1,100,81102,PM10 Total 0-10um STP,37340,"Palm Bay-Melbourne-Titusville, FL",12,Florida,9,Brevard,28.053611,-80.628611
07/05/2020,AQS,120090007,3,25,ug/m3 SC,23,Melbourne,1,100,81102,PM10 Total 0-10um STP,37340,"Palm Bay-Melbourne-Titusville, FL",12,Florida,9,Brevard,28.053611,-80.628611
07/06/2020,AQS,120090007,3,15,ug/m3 SC,14,Melbourne,1,100,81102,PM10 Total 0-10um STP,37340,"Palm Bay-Melbourne-Titusville, FL",12,Florida,9,Brevard,28.053611,-80.628611
07/07/2020,AQS,120090007,3,19,ug/m3 SC,18,Melbourne,1,100,81102,PM10 Total 0-10um STP,37340,"Palm Bay-Melbourne-Titusville, FL",12,Florida,9,Brevard,28.053611,-80.628611
07/08/2020,AQS,120090007,3,30,ug/m3 SC,28,Melbourne,1,100,81102,PM10 Total 0-10um STP,37340,"Palm Bay-Melbourne-Titusville, FL",12,Florida,9,Brevard,28.053611,-80.628611
07/09/2020,AQS,120090007,3,47,ug/m3 SC,44,Melbourne,1,100,81102,PM10 Total 0-10um STP,37340,"Palm Bay-Melbourne-Titusville, FL",12,Florida,9,Brevard,28.053611,-80.628611
07/10/2020,AQS,120090007,3,29,ug/m3 SC,27,Melbourne,1,100,81102,PM10 Total 0-10um STP,37340,"Palm Bay-Melbourne-Titusville, FL",12,Florida,9,Brevard,28.053611,-80.628611
07/11/2020,AQS,120090007,3,27,ug/m3 SC,25,Melbourne,1,100,81102,PM10 Total 0-10um STP,37340,"Palm Bay-Melbourne-Titusville, FL",12,Florida,9,Brevard,28.053611,-80.628611
07/12/2020,AQS,120090007,3,21,ug/m3 SC,19,Melbourne,1,100,81102,PM10 Total 0-10um STP,37340,"Palm Bay-Melbourne-Titusville, FL",12,Florida,9,Brevard,28.053611,-80.628611
07/13/2020,AQS,120090007,3,20,ug/m3 SC,19,Melbourne,1,100,81102,PM10 Total 0-10um STP,37340,"Palm Bay-Melbourne-Titusville, FL",12,Florida,9,Brevard,28.053611,-80.628611
07/22/2020,AQS,120090007,3,19,ug/m3 SC,18,Melbourne,1,100,81102,PM10 Total 0-10um STP,37340,"Palm Bay-Melbourne-Titusville, FL",12,Florida,9,Brevard,28.053611,-80.628611
07/23/2020,AQS,120090007,3,18,ug/m3 SC,17,Melbourne,1,100,81102,PM10 Total 0-10um STP,37340,"Palm Bay-Melbourne-Titusville, FL",12,Florida,9,Brevard,28.053611,-80.628611
07/24/2020,AQS,120090007,3,16,ug/m3 SC,15,Melbourne,1,100,81102,PM10 Total 0-10um STP,37340,"Palm Bay-Melbourne-Titusville, FL",12,Florida,9,Brevard,28.053611,-80.628611
07/25/2020,AQS,120090007,3,15,ug/m3 SC,14,Melbourne,1,100,81102,PM10 Total 0-10um STP,37340,"Palm Bay-Melbourne-Titusville, FL",12,Florida,9,Brevard,28.053611,-80.628611
07/26/2020,AQS,120090007,3,10,ug/m3 SC,9,Melbourne,1,100,81102,PM10 Total 0-10um STP,37340,"Palm Bay-Melbourne-Titusville, FL",12,Florida,9,Brevard,28.053611,-80.628611
07/27/2020,AQS,120090007,3,16,ug/m3 SC,15,Melbourne,1,100,81102,PM10 Total 0-10um STP,37340,"Palm Bay-Melbourne-Titusville, FL",12,Florida,9,Brevard,28.053611,-80.628611
07/28/2020,AQS,120090007,3,24,ug/m3 SC,22,Melbourne,1,100,81102,PM10 Total 0-10um STP,37340,"Palm Bay-Melbourne-Titusville, FL",12,Florida,9,Brevard,28.053611,-80.628611
07/29/2020,AQS,120090007,3,41,ug/m3 SC,38,Melbourne,1,100,81102,PM10 Total 0-10um STP,37340,"Palm Bay-Melbourne-Titusville, FL",12,Florida,9,Brevard,28.053611,-80.628611
07/30/2020,AQS,120090007,3,20,ug/m3 SC,19,Melbourne,1,100,81102,PM10 Total 0-10um STP,37340,"Palm Bay-Melbourne-Titusville, FL",12,Florida,9,Brevard,28.053611,-80.628611
08/04/2020,AQS,120090007,3,12,ug/m3 SC,11,Melbourne,1,100,81102,PM10 Total 0-10um STP,37340,"Palm Bay-Melbourne-Titusville, FL",12,Florida,9,Brevard,28.053611,-80.628611
08/05/2020,AQS,120090007,3,15,ug/m3 SC,14,Melbourne,1,100,81102,PM10 Total 0-10um STP,37340,"Palm Bay-Melbourne-Titusville, FL",12,Florida,9,Brevard,28.053611,-80.628611
08/06/2020,AQS,120090007,3,17,ug/m3 SC,16,Melbourne,1,100,81102,PM10 Total 0-10um STP,37340,"Palm Bay-Melbourne-Titusville, FL",12,Florida,9,Brevard,28.053611,-80.628611
08/07/2020,AQS,120090007,3,14,ug/m3 SC,13,Melbourne,1,100,81102,PM10 Total 0-10um STP,37340,"Palm Bay-Melbourne-Titusville, FL",12,Florida,9,Brevard,28.053611,-80.628611
08/08/2020,AQS,120090007,3,14,ug/m3 SC,13,Melbourne,1,100,81102,PM10 Total 0-10um STP,37340,"Palm Bay-Melbourne-Titusville, FL",12,Florida,9,Brevard,28.053611,-80.628611
08/09/2020,AQS,120090007,3,18,ug/m3 SC,17,Melbourne,1,100,81102,PM10 Total 0-10um STP,37340,"Palm Bay-Melbourne-Titusville, FL",12,Florida,9,Brevard,28.053611,-80.628611
08/10/2020,AQS,120090007,3,14,ug/m3 SC,13,Melbourne,1,100,81102,PM10 Total 0-10um STP,37340,"Palm Bay-Melbourne-Titusville, FL",12,Florida,9,Brevard,28.053611,-80.628611
08/11/2020,AQS,120090007,3,12,ug/m3 SC,11,Melbourne,1,100,81102,PM10 Total 0-10um STP,37340,"Palm Bay-Melbourne-Titusville, FL",12,Florida,9,Brevard,28.053611,-80.628611
08/12/2020,AQS,120090007,3,13,ug/m3 SC,12,Melbourne,1,100,81102,PM10 Total 0-10um STP,37340,"Palm Bay-Melbourne-Titusville, FL",12,Florida,9,Brevard,28.053611,-80.628611
08/13/2020,AQS,120090007,3,14,ug/m3 SC,13,Melbourne,1,100,81102,PM10 Total 0-10um STP,37340,"Palm Bay-Melbourne-Titusville, FL",12,Florida,9,Brevard,28.053611,-80.628611
08/14/2020,AQS,120090007,3,14,ug/m3 SC,13,Melbourne,1,100,81102,PM10 Total 0-10um STP,37340,"Palm Bay-Melbourne-Titusville, FL",12,Florida,9,Brevard,28.053611,-80.628611
08/15/2020,AQS,120090007,3,19,ug/m3 SC,18,Melbourne,1,100,81102,PM10 Total 0-10um STP,37340,"Palm Bay-Melbourne-Titusville, FL",12,Florida,9,Brevard,28.053611,-80.628611
08/16/2020,AQS,120090007,3,12,ug/m3 SC,11,Melbourne,1,100,81102,PM10 Total 0-10um STP,37340,"Palm Bay-Melbourne-Titusville, FL",12,Florida,9,Brevard,28.053611,-80.628611
08/17/2020,AQS,120090007,3,14,ug/m3 SC,13,Melbourne,1,100,81102,PM10 Total 0-10um STP,37340,"Palm Bay-Melbourne-Titusville, FL",12,Florida,9,Brevard,28.053611,-80.628611
08/18/2020,AQS,120090007,3,14,ug/m3 SC,13,Melbourne,1,100,81102,PM10 Total 0-10um STP,37340,"Palm Bay-Melbourne-Titusville, FL",12,Florida,9,Brevard,28.053611,-80.628611
08/19/2020,AQS,120090007,3,11,ug/m3 SC,10,Melbourne,1,100,81102,PM10 Total 0-10um STP,37340,"Palm Bay-Melbourne-Titusville, FL",12,Florida,9,Brevard,28.053611,-80.628611
08/20/2020,AQS,120090007,3,11,ug/m3 SC,10,Melbourne,1,100,81102,PM10 Total 0-10um STP,37340,"Palm Bay-Melbourne-Titusville, FL",12,Florida,9,Brevard,28.053611,-80.628611
08/21/2020,AQS,120090007,3,20,ug/m3 SC,19,Melbourne,1,100,81102,PM10 Total 0-10um STP,37340,"Palm Bay-Melbourne-Titusville, FL",12,Florida,9,Brevard,28.053611,-80.628611
08/22/2020,AQS,120090007,3,28,ug/m3 SC,26,Melbourne,1,100,81102,PM10 Total 0-10um STP,37340,"Palm Bay-Melbourne-Titusville, FL",12,Florida,9,Brevard,28.053611,-80.628611
08/23/2020,AQS,120090007,3,29,ug/m3 SC,27,Melbourne,1,100,81102,PM10 Total 0-10um STP,37340,"Palm Bay-Melbourne-Titusville, FL",12,Florida,9,Brevard,28.053611,-80.628611
08/24/2020,AQS,120090007,3,40,ug/m3 SC,37,Melbourne,1,100,81102,PM10 Total 0-10um STP,37340,"Palm Bay-Melbourne-Titusville, FL",12,Florida,9,Brevard,28.053611,-80.628611
08/25/2020,AQS,120090007,3,43,ug/m3 SC,40,Melbourne,1,100,81102,PM10 Total 0-10um STP,37340,"Palm Bay-Melbourne-Titusville, FL",12,Florida,9,Brevard,28.053611,-80.628611
08/26/2020,AQS,120090007,3,18,ug/m3 SC,17,Melbourne,1,100,81102,PM10 Total 0-10um STP,37340,"Palm Bay-Melbourne-Titusville, FL",12,Florida,9,Brevard,28.053611,-80.628611
08/27/2020,AQS,120090007,3,12,ug/m3 SC,11,Melbourne,1,100,81102,PM10 Total 0-10um STP,37340,"Palm Bay-Melbourne-Titusville, FL",12,Florida,9,Brevard,28.053611,-80.628611
08/28/2020,AQS,120090007,3,14,ug/m3 SC,13,Melbourne,1,100,81102,PM10 Total 0-10um STP,37340,"Palm Bay-Melbourne-Titusville, FL",12,Florida,9,Brevard,28.053611,-80.628611
08/29/2020,AQS,120090007,3,17,ug/m3 SC,16,Melbourne,1,100,81102,PM10 Total 0-10um STP,37340,"Palm Bay-Melbourne-Titusville, FL",12,Florida,9,Brevard,28.053611,-80.628611
08/30/2020,AQS,120090007,3,11,ug/m3 SC,10,Melbourne,1,100,81102,PM10 Total 0-10um STP,37340,"Palm Bay-Melbourne-Titusville, FL",12,Florida,9,Brevard,28.053611,-80.628611
08/31/2020,AQS,120090007,3,12,ug/m3 SC,11,Melbourne,1,100,81102,PM10 Total 0-10um STP,37340,"Palm Bay-Melbourne-Titusville, FL",12,Florida,9,Brevard,28.053611,-80.628611
09/01/2020,AQS,120090007,3,17,ug/m3 SC,16,Melbourne,1,100,81102,PM10 Total 0-10um STP,37340,"Palm Bay-Melbourne-Titusville, FL",12,Florida,9,Brevard,28.053611,-80.628611
09/02/2020,AQS,120090007,3,22,ug/m3 SC,20,Melbourne,1,100,81102,PM10 Total 0-10um STP,37340,"Palm Bay-Melbourne-Titusville, FL",12,Florida,9,Brevard,28.053611,-80.628611
09/03/2020,AQS,120090007,3,47,ug/m3 SC,44,Melbourne,1,100,81102,PM10 Total 0-10um STP,37340,"Palm Bay-Melbourne-Titusville, FL",12,Florida,9,Brevard,28.053611,-80.628611
09/04/2020,AQS,120090007,3,85,ug/m3 SC,66,Melbourne,1,100,81102,PM10 Total 0-10um STP,37340,"Palm Bay-Melbourne-Titusville, FL",12,Florida,9,Brevard,28.053611,-80.628611
09/05/2020,AQS,120090007,3,93,ug/m3 SC,70,Melbourne,1,100,81102,PM10 Total 0-10um STP,37340,"Palm Bay-Melbourne-Titusville, FL",12,Florida,9,Brevard,28.053611,-80.628611
09/06/2020,AQS,120090007,3,41,ug/m3 SC,38,Melbourne,1,100,81102,PM10 Total 0-10um STP,37340,"Palm Bay-Melbourne-Titusville, FL",12,Florida,9,Brevard,28.053611,-80.628611
09/07/2020,AQS,120090007,3,15,ug/m3 SC,14,Melbourne,1,100,81102,PM10 Total 0-10um STP,37340,"Palm Bay-Melbourne-Titusville, FL",12,Florida,9,Brevard,28.053611,-80.628611
09/08/2020,AQS,120090007,3,11,ug/m3 SC,10,Melbourne,1,100,81102,PM10 Total 0-10um STP,37340,"Palm Bay-Melbourne-Titusville, FL",12,Florida,9,Brevard,28.053611,-80.628611
09/09/2020,AQS,120090007,3,8,ug/m3 SC,7,Melbourne,1,100,81102,PM10 Total 0-10um STP,37340,"Palm Bay-Melbourne-Titusville, FL",12,Florida,9,Brevard,28.053611,-80.628611
09/10/2020,AQS,120090007,3,13,ug/m3 SC,12,Melbourne,1,100,81102,PM10 Total 0-10um STP,37340,"Palm Bay-Melbourne-Titusville, FL",12,Florida,9,Brevard,28.053611,-80.628611
09/11/2020,AQS,120090007,3,12,ug/m3 SC,11,Melbourne,1,100,81102,PM10 Total 0-10um STP,37340,"Palm Bay-Melbourne-Titusville, FL",12,Florida,9,Brevard,28.053611,-80.628611
09/12/2020,AQS,120090007,3,17,ug/m3 SC,16,Melbourne,1,100,81102,PM10 Total 0-10um STP,37340,"Palm Bay-Melbourne-Titusville, FL",12,Florida,9,Brevard,28.053611,-80.628611
09/13/2020,AQS,120090007,3,17,ug/m3 SC,16,Melbourne,1,100,81102,PM10 Total 0-10um STP,37340,"Palm Bay-Melbourne-Titusville, FL",12,Florida,9,Brevard,28.053611,-80.628611
09/14/2020,AQS,120090007,3,15,ug/m3 SC,14,Melbourne,1,100,81102,PM10 Total 0-10um STP,37340,"Palm Bay-Melbourne-Titusville, FL",12,Florida,9,Brevard,28.053611,-80.628611
09/15/2020,AQS,120090007,3,11,ug/m3 SC,10,Melbourne,1,100,81102,PM10 Total 0-10um STP,37340,"Palm Bay-Melbourne-Titusville, FL",12,Florida,9,Brevard,28.053611,-80.628611
09/16/2020,AQS,120090007,3,10,ug/m3 SC,9,Melbourne,1,100,81102,PM10 Total 0-10um STP,37340,"Palm Bay-Melbourne-Titusville, FL",12,Florida,9,Brevard,28.053611,-80.628611
09/17/2020,AQS,120090007,3,12,ug/m3 SC,11,Melbourne,1,100,81102,PM10 Total 0-10um STP,37340,"Palm Bay-Melbourne-Titusville, FL",12,Florida,9,Brevard,28.053611,-80.628611
09/18/2020,AQS,120090007,3,13,ug/m3 SC,12,Melbourne,1,100,81102,PM10 Total 0-10um STP,37340,"Palm Bay-Melbourne-Titusville, FL",12,Florida,9,Brevard,28.053611,-80.628611
09/19/2020,AQS,120090007,3,11,ug/m3 SC,10,Melbourne,1,100,81102,PM10 Total 0-10um STP,37340,"Palm Bay-Melbourne-Titusville, FL",12,Florida,9,Brevard,28.053611,-80.628611
09/20/2020,AQS,120090007,3,22,ug/m3 SC,20,Melbourne,1,100,81102,PM10 Total 0-10um STP,37340,"Palm Bay-Melbourne-Titusville, FL",12,Florida,9,Brevard,28.053611,-80.628611
09/21/2020,AQS,120090007,3,33,ug/m3 SC,31,Melbourne,1,100,81102,PM10 Total 0-10um STP,37340,"Palm Bay-Melbourne-Titusville, FL",12,Florida,9,Brevard,28.053611,-80.628611
09/22/2020,AQS,120090007,3,22,ug/m3 SC,20,Melbourne,1,100,81102,PM10 Total 0-10um STP,37340,"Palm Bay-Melbourne-Titusville, FL",12,Florida,9,Brevard,28.053611,-80.628611
09/23/2020,AQS,120090007,3,18,ug/m3 SC,17,Melbourne,1,100,81102,PM10 Total 0-10um STP,37340,"Palm Bay-Melbourne-Titusville, FL",12,Florida,9,Brevard,28.053611,-80.628611
09/24/2020,AQS,120090007,3,18,ug/m3 SC,17,Melbourne,1,100,81102,PM10 Total 0-10um STP,37340,"Palm Bay-Melbourne-Titusville, FL",12,Florida,9,Brevard,28.053611,-80.628611
09/25/2020,AQS,120090007,3,11,ug/m3 SC,10,Melbourne,1,100,81102,PM10 Total 0-10um STP,37340,"Palm Bay-Melbourne-Titusville, FL",12,Florida,9,Brevard,28.053611,-80.628611
09/26/2020,AQS,120090007,3,11,ug/m3 SC,10,Melbourne,1,100,81102,PM10 Total 0-10um STP,37340,"Palm Bay-Melbourne-Titusville, FL",12,Florida,9,Brevard,28.053611,-80.628611
09/27/2020,AQS,120090007,3,10,ug/m3 SC,9,Melbourne,1,100,81102,PM10 Total 0-10um STP,37340,"Palm Bay-Melbourne-Titusville, FL",12,Florida,9,Brevard,28.053611,-80.628611
09/28/2020,AQS,120090007,3,10,ug/m3 SC,9,Melbourne,1,100,81102,PM10 Total 0-10um STP,37340,"Palm Bay-Melbourne-Titusville, FL",12,Florida,9,Brevard,28.053611,-80.628611
09/29/2020,AQS,120090007,3,9,ug/m3 SC,8,Melbourne,1,100,81102,PM10 Total 0-10um STP,37340,"Palm Bay-Melbourne-Titusville, FL",12,Florida,9,Brevard,28.053611,-80.628611
09/30/2020,AQS,120090007,3,14,ug/m3 SC,13,Melbourne,1,100,81102,PM10 Total 0-10um STP,37340,"Palm Bay-Melbourne-Titusville, FL",12,Florida,9,Brevard,28.053611,-80.628611
10/01/2020,AQS,120090007,3,12,ug/m3 SC,11,Melbourne,1,100,81102,PM10 Total 0-10um STP,37340,"Palm Bay-Melbourne-Titusville, FL",12,Florida,9,Brevard,28.053611,-80.628611
10/02/2020,AQS,120090007,3,17,ug/m3 SC,16,Melbourne,1,100,81102,PM10 Total 0-10um STP,37340,"Palm Bay-Melbourne-Titusville, FL",12,Florida,9,Brevard,28.053611,-80.628611
10/03/2020,AQS,120090007,3,12,ug/m3 SC,11,Melbourne,1,100,81102,PM10 Total 0-10um STP,37340,"Palm Bay-Melbourne-Titusville, FL",12,Florida,9,Brevard,28.053611,-80.628611
10/04/2020,AQS,120090007,3,16,ug/m3 SC,15,Melbourne,1,100,81102,PM10 Total 0-10um STP,37340,"Palm Bay-Melbourne-Titusville, FL",12,Florida,9,Brevard,28.053611,-80.628611
10/05/2020,AQS,120090007,3,14,ug/m3 SC,13,Melbourne,1,100,81102,PM10 Total 0-10um STP,37340,"Palm Bay-Melbourne-Titusville, FL",12,Florida,9,Brevard,28.053611,-80.628611
10/06/2020,AQS,120090007,3,16,ug/m3 SC,15,Melbourne,1,100,81102,PM10 Total 0-10um STP,37340,"Palm Bay-Melbourne-Titusville, FL",12,Florida,9,Brevard,28.053611,-80.628611
10/07/2020,AQS,120090007,3,19,ug/m3 SC,18,Melbourne,1,100,81102,PM10 Total 0-10um STP,37340,"Palm Bay-Melbourne-Titusville, FL",12,Florida,9,Brevard,28.053611,-80.628611
10/08/2020,AQS,120090007,3,15,ug/m3 SC,14,Melbourne,1,100,81102,PM10 Total 0-10um STP,37340,"Palm Bay-Melbourne-Titusville, FL",12,Florida,9,Brevard,28.053611,-80.628611
10/09/2020,AQS,120090007,3,11,ug/m3 SC,10,Melbourne,1,100,81102,PM10 Total 0-10um STP,37340,"Palm Bay-Melbourne-Titusville, FL",12,Florida,9,Brevard,28.053611,-80.628611
10/10/2020,AQS,120090007,3,11,ug/m3 SC,10,Melbourne,1,100,81102,PM10 Total 0-10um STP,37340,"Palm Bay-Melbourne-Titusville, FL",12,Florida,9,Brevard,28.053611,-80.628611
10/11/2020,AQS,120090007,3,11,ug/m3 SC,10,Melbourne,1,100,81102,PM10 Total 0-10um STP,37340,"Palm Bay-Melbourne-Titusville, FL",12,Florida,9,Brevard,28.053611,-80.628611
10/12/2020,AQS,120090007,3,12,ug/m3 SC,11,Melbourne,1,100,81102,PM10 Total 0-10um STP,37340,"Palm Bay-Melbourne-Titusville, FL",12,Florida,9,Brevard,28.053611,-80.628611
10/13/2020,AQS,120090007,3,13,ug/m3 SC,12,Melbourne,1,100,81102,PM10 Total 0-10um STP,37340,"Palm Bay-Melbourne-Titusville, FL",12,Florida,9,Brevard,28.053611,-80.628611
10/14/2020,AQS,120090007,3,14,ug/m3 SC,13,Melbourne,1,100,81102,PM10 Total 0-10um STP,37340,"Palm Bay-Melbourne-Titusville, FL",12,Florida,9,Brevard,28.053611,-80.628611
10/15/2020,AQS,120090007,3,12,ug/m3 SC,11,Melbourne,1,100,81102,PM10 Total 0-10um STP,37340,"Palm Bay-Melbourne-Titusville, FL",12,Florida,9,Brevard,28.053611,-80.628611
10/16/2020,AQS,120090007,3,12,ug/m3 SC,11,Melbourne,1,100,81102,PM10 Total 0-10um STP,37340,"Palm Bay-Melbourne-Titusville, FL",12,Florida,9,Brevard,28.053611,-80.628611
10/17/2020,AQS,120090007,3,26,ug/m3 SC,24,Melbourne,1,100,81102,PM10 Total 0-10um STP,37340,"Palm Bay-Melbourne-Titusville, FL",12,Florida,9,Brevard,28.053611,-80.628611
10/18/2020,AQS,120090007,3,21,ug/m3 SC,19,Melbourne,1,100,81102,PM10 Total 0-10um STP,37340,"Palm Bay-Melbourne-Titusville, FL",12,Florida,9,Brevard,28.053611,-80.628611
10/19/2020,AQS,120090007,3,22,ug/m3 SC,20,Melbourne,1,100,81102,PM10 Total 0-10um STP,37340,"Palm Bay-Melbourne-Titusville, FL",12,Florida,9,Brevard,28.053611,-80.628611
10/20/2020,AQS,120090007,3,29,ug/m3 SC,27,Melbourne,1,100,81102,PM10 Total 0-10um STP,37340,"Palm Bay-Melbourne-Titusville, FL",12,Florida,9,Brevard,28.053611,-80.628611
10/21/2020,AQS,120090007,3,23,ug/m3 SC,21,Melbourne,1,100,81102,PM10 Total 0-10um STP,37340,"Palm Bay-Melbourne-Titusville, FL",12,Florida,9,Brevard,28.053611,-80.628611
10/22/2020,AQS,120090007,3,19,ug/m3 SC,18,Melbourne,1,100,81102,PM10 Total 0-10um STP,37340,"Palm Bay-Melbourne-Titusville, FL",12,Florida,9,Brevard,28.053611,-80.628611
10/23/2020,AQS,120090007,3,16,ug/m3 SC,15,Melbourne,1,100,81102,PM10 Total 0-10um STP,37340,"Palm Bay-Melbourne-Titusville, FL",12,Florida,9,Brevard,28.053611,-80.628611
10/24/2020,AQS,120090007,3,16,ug/m3 SC,15,Melbourne,1,100,81102,PM10 Total 0-10um STP,37340,"Palm Bay-Melbourne-Titusville, FL",12,Florida,9,Brevard,28.053611,-80.628611
10/25/2020,AQS,120090007,3,12,ug/m3 SC,11,Melbourne,1,100,81102,PM10 Total 0-10um STP,37340,"Palm Bay-Melbourne-Titusville, FL",12,Florida,9,Brevard,28.053611,-80.628611
10/26/2020,AQS,120090007,3,12,ug/m3 SC,11,Melbourne,1,100,81102,PM10 Total 0-10um STP,37340,"Palm Bay-Melbourne-Titusville, FL",12,Florida,9,Brevard,28.053611,-80.628611
10/27/2020,AQS,120090007,3,9,ug/m3 SC,8,Melbourne,1,100,81102,PM10 Total 0-10um STP,37340,"Palm Bay-Melbourne-Titusville, FL",12,Florida,9,Brevard,28.053611,-80.628611
10/28/2020,AQS,120090007,3,19,ug/m3 SC,18,Melbourne,1,100,81102,PM10 Total 0-10um STP,37340,"Palm Bay-Melbourne-Titusville, FL",12,Florida,9,Brevard,28.053611,-80.628611
10/29/2020,AQS,120090007,3,15,ug/m3 SC,14,Melbourne,1,100,81102,PM10 Total 0-10um STP,37340,"Palm Bay-Melbourne-Titusville, FL",12,Florida,9,Brevard,28.053611,-80.628611
10/30/2020,AQS,120090007,3,15,ug/m3 SC,14,Melbourne,1,100,81102,PM10 Total 0-10um STP,37340,"Palm Bay-Melbourne-Titusville, FL",12,Florida,9,Brevard,28.053611,-80.628611
10/31/2020,AQS,120090007,3,15,ug/m3 SC,14,Melbourne,1,100,81102,PM10 Total 0-10um STP,37340,"Palm Bay-Melbourne-Titusville, FL",12,Florida,9,Brevard,28.053611,-80.628611
11/01/2020,AQS,120090007,3,15,ug/m3 SC,14,Melbourne,1,100,81102,PM10 Total 0-10um STP,37340,"Palm Bay-Melbourne-Titusville, FL",12,Florida,9,Brevard,28.053611,-80.628611
11/02/2020,AQS,120090007,3,20,ug/m3 SC,19,Melbourne,1,100,81102,PM10 Total 0-10um STP,37340,"Palm Bay-Melbourne-Titusville, FL",12,Florida,9,Brevard,28.053611,-80.628611
11/03/2020,AQS,120090007,3,14,ug/m3 SC,13,Melbourne,1,100,81102,PM10 Total 0-10um STP,37340,"Palm Bay-Melbourne-Titusville, FL",12,Florida,9,Brevard,28.053611,-80.628611
11/04/2020,AQS,120090007,3,15,ug/m3 SC,14,Melbourne,1,100,81102,PM10 Total 0-10um STP,37340,"Palm Bay-Melbourne-Titusville, FL",12,Florida,9,Brevard,28.053611,-80.628611
11/05/2020,AQS,120090007,3,23,ug/m3 SC,21,Melbourne,1,100,81102,PM10 Total 0-10um STP,37340,"Palm Bay-Melbourne-Titusville, FL",12,Florida,9,Brevard,28.053611,-80.628611
11/06/2020,AQS,120090007,3,21,ug/m3 SC,19,Melbourne,1,100,81102,PM10 Total 0-10um STP,37340,"Palm Bay-Melbourne-Titusville, FL",12,Florida,9,Brevard,28.053611,-80.628611
11/07/2020,AQS,120090007,3,27,ug/m3 SC,25,Melbourne,1,100,81102,PM10 Total 0-10um STP,37340,"Palm Bay-Melbourne-Titusville, FL",12,Florida,9,Brevard,28.053611,-80.628611
11/08/2020,AQS,120090007,3,35,ug/m3 SC,32,Melbourne,1,100,81102,PM10 Total 0-10um STP,37340,"Palm Bay-Melbourne-Titusville, FL",12,Florida,9,Brevard,28.053611,-80.628611
11/09/2020,AQS,120090007,3,33,ug/m3 SC,31,Melbourne,1,100,81102,PM10 Total 0-10um STP,37340,"Palm Bay-Melbourne-Titusville, FL",12,Florida,9,Brevard,28.053611,-80.628611
11/10/2020,AQS,120090007,3,27,ug/m3 SC,25,Melbourne,1,100,81102,PM10 Total 0-10um STP,37340,"Palm Bay-Melbourne-Titusville, FL",12,Florida,9,Brevard,28.053611,-80.628611
11/11/2020,AQS,120090007,3,21,ug/m3 SC,19,Melbourne,1,100,81102,PM10 Total 0-10um STP,37340,"Palm Bay-Melbourne-Titusville, FL",12,Florida,9,Brevard,28.053611,-80.628611
11/12/2020,AQS,120090007,3,13,ug/m3 SC,12,Melbourne,1,100,81102,PM10 Total 0-10um STP,37340,"Palm Bay-Melbourne-Titusville, FL",12,Florida,9,Brevard,28.053611,-80.628611
11/13/2020,AQS,120090007,3,18,ug/m3 SC,17,Melbourne,1,100,81102,PM10 Total 0-10um STP,37340,"Palm Bay-Melbourne-Titusville, FL",12,Florida,9,Brevard,28.053611,-80.628611
11/14/2020,AQS,120090007,3,10,ug/m3 SC,9,Melbourne,1,100,81102,PM10 Total 0-10um STP,37340,"Palm Bay-Melbourne-Titusville, FL",12,Florida,9,Brevard,28.053611,-80.628611
11/15/2020,AQS,120090007,3,12,ug/m3 SC,11,Melbourne,1,100,81102,PM10 Total 0-10um STP,37340,"Palm Bay-Melbourne-Titusville, FL",12,Florida,9,Brevard,28.053611,-80.628611
11/16/2020,AQS,120090007,3,16,ug/m3 SC,15,Melbourne,1,100,81102,PM10 Total 0-10um STP,37340,"Palm Bay-Melbourne-Titusville, FL",12,Florida,9,Brevard,28.053611,-80.628611
11/17/2020,AQS,120090007,3,16,ug/m3 SC,15,Melbourne,1,100,81102,PM10 Total 0-10um STP,37340,"Palm Bay-Melbourne-Titusville, FL",12,Florida,9,Brevard,28.053611,-80.628611
11/18/2020,AQS,120090007,3,20,ug/m3 SC,19,Melbourne,1,100,81102,PM10 Total 0-10um STP,37340,"Palm Bay-Melbourne-Titusville, FL",12,Florida,9,Brevard,28.053611,-80.628611
11/19/2020,AQS,120090007,3,16,ug/m3 SC,15,Melbourne,1,100,81102,PM10 Total 0-10um STP,37340,"Palm Bay-Melbourne-Titusville, FL",12,Florida,9,Brevard,28.053611,-80.628611
11/20/2020,AQS,120090007,3,15,ug/m3 SC,14,Melbourne,1,100,81102,PM10 Total 0-10um STP,37340,"Palm Bay-Melbourne-Titusville, FL",12,Florida,9,Brevard,28.053611,-80.628611
11/21/2020,AQS,120090007,3,16,ug/m3 SC,15,Melbourne,1,100,81102,PM10 Total 0-10um STP,37340,"Palm Bay-Melbourne-Titusville, FL",12,Florida,9,Brevard,28.053611,-80.628611
11/22/2020,AQS,120090007,3,7,ug/m3 SC,6,Melbourne,1,100,81102,PM10 Total 0-10um STP,37340,"Palm Bay-Melbourne-Titusville, FL",12,Florida,9,Brevard,28.053611,-80.628611
11/23/2020,AQS,120090007,3,13,ug/m3 SC,12,Melbourne,1,100,81102,PM10 Total 0-10um STP,37340,"Palm Bay-Melbourne-Titusville, FL",12,Florida,9,Brevard,28.053611,-80.628611
11/24/2020,AQS,120090007,3,16,ug/m3 SC,15,Melbourne,1,100,81102,PM10 Total 0-10um STP,37340,"Palm Bay-Melbourne-Titusville, FL",12,Florida,9,Brevard,28.053611,-80.628611
11/25/2020,AQS,120090007,3,23,ug/m3 SC,21,Melbourne,1,100,81102,PM10 Total 0-10um STP,37340,"Palm Bay-Melbourne-Titusville, FL",12,Florida,9,Brevard,28.053611,-80.628611
11/26/2020,AQS,120090007,3,19,ug/m3 SC,18,Melbourne,1,100,81102,PM10 Total 0-10um STP,37340,"Palm Bay-Melbourne-Titusville, FL",12,Florida,9,Brevard,28.053611,-80.628611
11/27/2020,AQS,120090007,3,14,ug/m3 SC,13,Melbourne,1,100,81102,PM10 Total 0-10um STP,37340,"Palm Bay-Melbourne-Titusville, FL",12,Florida,9,Brevard,28.053611,-80.628611
11/28/2020,AQS,120090007,3,12,ug/m3 SC,11,Melbourne,1,100,81102,PM10 Total 0-10um STP,37340,"Palm Bay-Melbourne-Titusville, FL",12,Florida,9,Brevard,28.053611,-80.628611
11/29/2020,AQS,120090007,3,13,ug/m3 SC,12,Melbourne,1,100,81102,PM10 Total 0-10um STP,37340,"Palm Bay-Melbourne-Titusville, FL",12,Florida,9,Brevard,28.053611,-80.628611
11/30/2020,AQS,120090007,3,11,ug/m3 SC,10,Melbourne,1,100,81102,PM10 Total 0-10um STP,37340,"Palm Bay-Melbourne-Titusville, FL",12,Florida,9,Brevard,28.053611,-80.628611
12/01/2020,AQS,120090007,3,14,ug/m3 SC,13,Melbourne,1,100,81102,PM10 Total 0-10um STP,37340,"Palm Bay-Melbourne-Titusville, FL",12,Florida,9,Brevard,28.053611,-80.628611
12/02/2020,AQS,120090007,3,12,ug/m3 SC,11,Melbourne,1,100,81102,PM10 Total 0-10um STP,37340,"Palm Bay-Melbourne-Titusville, FL",12,Florida,9,Brevard,28.053611,-80.628611
12/03/2020,AQS,120090007,3,11,ug/m3 SC,10,Melbourne,1,100,81102,PM10 Total 0-10um STP,37340,"Palm Bay-Melbourne-Titusville, FL",12,Florida,9,Brevard,28.053611,-80.628611
12/04/2020,AQS,120090007,3,19,ug/m3 SC,18,Melbourne,1,100,81102,PM10 Total 0-10um STP,37340,"Palm Bay-Melbourne-Titusville, FL",12,Florida,9,Brevard,28.053611,-80.628611
12/05/2020,AQS,120090007,3,19,ug/m3 SC,18,Melbourne,1,100,81102,PM10 Total 0-10um STP,37340,"Palm Bay-Melbourne-Titusville, FL",12,Florida,9,Brevard,28.053611,-80.628611
12/06/2020,AQS,120090007,3,17,ug/m3 SC,16,Melbourne,1,100,81102,PM10 Total 0-10um STP,37340,"Palm Bay-Melbourne-Titusville, FL",12,Florida,9,Brevard,28.053611,-80.628611
12/07/2020,AQS,120090007,3,12,ug/m3 SC,11,Melbourne,1,100,81102,PM10 Total 0-10um STP,37340,"Palm Bay-Melbourne-Titusville, FL",12,Florida,9,Brevard,28.053611,-80.628611
12/08/2020,AQS,120090007,3,15,ug/m3 SC,14,Melbourne,1,100,81102,PM10 Total 0-10um STP,37340,"Palm Bay-Melbourne-Titusville, FL",12,Florida,9,Brevard,28.053611,-80.628611
12/09/2020,AQS,120090007,3,16,ug/m3 SC,15,Melbourne,1,100,81102,PM10 Total 0-10um STP,37340,"Palm Bay-Melbourne-Titusville, FL",12,Florida,9,Brevard,28.053611,-80.628611
12/10/2020,AQS,120090007,3,24,ug/m3 SC,22,Melbourne,1,100,81102,PM10 Total 0-10um STP,37340,"Palm Bay-Melbourne-Titusville, FL",12,Florida,9,Brevard,28.053611,-80.628611
12/11/2020,AQS,120090007,3,24,ug/m3 SC,22,Melbourne,1,100,81102,PM10 Total 0-10um STP,37340,"Palm Bay-Melbourne-Titusville, FL",12,Florida,9,Brevard,28.053611,-80.628611
12/12/2020,AQS,120090007,3,14,ug/m3 SC,13,Melbourne,1,100,81102,PM10 Total 0-10um STP,37340,"Palm Bay-Melbourne-Titusville, FL",12,Florida,9,Brevard,28.053611,-80.628611
12/13/2020,AQS,120090007,3,11,ug/m3 SC,10,Melbourne,1,100,81102,PM10 Total 0-10um STP,37340,"Palm Bay-Melbourne-Titusville, FL",12,Florida,9,Brevard,28.053611,-80.628611
12/14/2020,AQS,120090007,3,19,ug/m3 SC,18,Melbourne,1,100,81102,PM10 Total 0-10um STP,37340,"Palm Bay-Melbourne-Titusville, FL",12,Florida,9,Brevard,28.053611,-80.628611
12/15/2020,AQS,120090007,3,19,ug/m3 SC,18,Melbourne,1,100,81102,PM10 Total 0-10um STP,37340,"Palm Bay-Melbourne-Titusville, FL",12,Florida,9,Brevard,28.053611,-80.628611
12/16/2020,AQS,120090007,3,19,ug/m3 SC,18,Melbourne,1,100,81102,PM10 Total 0-10um STP,37340,"Palm Bay-Melbourne-Titusville, FL",12,Florida,9,Brevard,28.053611,-80.628611
12/17/2020,AQS,120090007,3,15,ug/m3 SC,14,Melbourne,1,100,81102,PM10 Total 0-10um STP,37340,"Palm Bay-Melbourne-Titusville, FL",12,Florida,9,Brevard,28.053611,-80.628611
12/18/2020,AQS,120090007,3,17,ug/m3 SC,16,Melbourne,1,100,81102,PM10 Total 0-10um STP,37340,"Palm Bay-Melbourne-Titusville, FL",12,Florida,9,Brevard,28.053611,-80.628611
12/19/2020,AQS,120090007,3,15,ug/m3 SC,14,Melbourne,1,100,81102,PM10 Total 0-10um STP,37340,"Palm Bay-Melbourne-Titusville, FL",12,Florida,9,Brevard,28.053611,-80.628611
12/20/2020,AQS,120090007,3,18,ug/m3 SC,17,Melbourne,1,100,81102,PM10 Total 0-10um STP,37340,"Palm Bay-Melbourne-Titusville, FL",12,Florida,9,Brevard,28.053611,-80.628611
12/21/2020,AQS,120090007,3,11,ug/m3 SC,10,Melbourne,1,100,81102,PM10 Total 0-10um STP,37340,"Palm Bay-Melbourne-Titusville, FL",12,Florida,9,Brevard,28.053611,-80.628611
12/22/2020,AQS,120090007,3,16,ug/m3 SC,15,Melbourne,1,100,81102,PM10 Total 0-10um STP,37340,"Palm Bay-Melbourne-Titusville, FL",12,Florida,9,Brevard,28.053611,-80.628611
12/23/2020,AQS,120090007,3,15,ug/m3 SC,14,Melbourne,1,100,81102,PM10 Total 0-10um STP,37340,"Palm Bay-Melbourne-Titusville, FL",12,Florida,9,Brevard,28.053611,-80.628611
12/24/2020,AQS,120090007,3,15,ug/m3 SC,14,Melbourne,1,100,81102,PM10 Total 0-10um STP,37340,"Palm Bay-Melbourne-Titusville, FL",12,Florida,9,Brevard,28.053611,-80.628611
12/25/2020,AQS,120090007,3,12,ug/m3 SC,11,Melbourne,1,100,81102,PM10 Total 0-10um STP,37340,"Palm Bay-Melbourne-Titusville, FL",12,Florida,9,Brevard,28.053611,-80.628611
12/26/2020,AQS,120090007,3,10,ug/m3 SC,9,Melbourne,1,100,81102,PM10 Total 0-10um STP,37340,"Palm Bay-Melbourne-Titusville, FL",12,Florida,9,Brevard,28.053611,-80.628611
12/27/2020,AQS,120090007,3,11,ug/m3 SC,10,Melbourne,1,100,81102,PM10 Total 0-10um STP,37340,"Palm Bay-Melbourne-Titusville, FL",12,Florida,9,Brevard,28.053611,-80.628611
12/28/2020,AQS,120090007,3,13,ug/m3 SC,12,Melbourne,1,100,81102,PM10 Total 0-10um STP,37340,"Palm Bay-Melbourne-Titusville, FL",12,Florida,9,Brevard,28.053611,-80.628611
12/29/2020,AQS,120090007,3,12,ug/m3 SC,11,Melbourne,1,100,81102,PM10 Total 0-10um STP,37340,"Palm Bay-Melbourne-Titusville, FL",12,Florida,9,Brevard,28.053611,-80.628611
12/30/2020,AQS,120090007,3,22,ug/m3 SC,20,Melbourne,1,100,81102,PM10 Total 0-10um STP,37340,"Palm Bay-Melbourne-Titusville, FL",12,Florida,9,Brevard,28.053611,-80.628611
12/31/2020,AQS,120090007,3,28,ug/m3 SC,26,Melbourne,1,100,81102,PM10 Total 0-10um STP,37340,"Palm Bay-Melbourne-Titusville, FL",12,Florida,9,Brevard,28.053611,-80.628611
01/01/2021,AQS,120090007,3,29,ug/m3 SC,27,Melbourne,1,100,81102,PM10 Total 0-10um STP,37340,"Palm Bay-Melbourne-Titusville, FL",12,Florida,9,Brevard,28.053611,-80.628611
01/02/2021,AQS,120090007,3,23,ug/m3 SC,21,Melbourne,1,100,81102,PM10 Total 0-10um STP,37340,"Palm Bay-Melbourne-Titusville, FL",12,Florida,9,Brevard,28.053611,-80.628611
01/03/2021,AQS,120090007,3,17,ug/m3 SC,16,Melbourne,1,100,81102,PM10 Total 0-10um STP,37340,"Palm Bay-Melbourne-Titusville, FL",12,Florida,9,Brevard,28.053611,-80.628611
01/04/2021,AQS,120090007,3,14,ug/m3 SC,13,Melbourne,1,100,81102,PM10 Total 0-10um STP,37340,"Palm Bay-Melbourne-Titusville, FL",12,Florida,9,Brevard,28.053611,-80.628611
01/05/2021,AQS,120090007,3,14,ug/m3 SC,13,Melbourne,1,100,81102,PM10 Total 0-10um STP,37340,"Palm Bay-Melbourne-Titusville, FL",12,Florida,9,Brevard,28.053611,-80.628611
01/06/2021,AQS,120090007,3,16,ug/m3 SC,15,Melbourne,1,100,81102,PM10 Total 0-10um STP,37340,"Palm Bay-Melbourne-Titusville, FL",12,Florida,9,Brevard,28.053611,-80.628611
01/07/2021,AQS,120090007,3,17,ug/m3 SC,16,Melbourne,1,100,81102,PM10 Total 0-10um STP,37340,"Palm Bay-Melbourne-Titusville, FL",12,Florida,9,Brevard,28.053611,-80.628611
01/08/2021,AQS,120090007,3,16,ug/m3 SC,15,Melbourne,1,100,81102,PM10 Total 0-10um STP,37340,"Palm Bay-Melbourne-Titusville, FL",12,Florida,9,Brevard,28.053611,-80.628611
01/09/2021,AQS,120090007,3,15,ug/m3 SC,14,Melbourne,1,100,81102,PM10 Total 0-10um STP,37340,"Palm Bay-Melbourne-Titusville, FL",12,Florida,9,Brevard,28.053611,-80.628611
01/10/2021,AQS,120090007,3,16,ug/m3 SC,15,Melbourne,1,100,81102,PM10 Total 0-10um STP,37340,"Palm Bay-Melbourne-Titusville, FL",12,Florida,9,Brevard,28.053611,-80.628611
01/11/2021,AQS,120090007,3,16,ug/m3 SC,15,Melbourne,1,100,81102,PM10 Total 0-10um STP,37340,"Palm Bay-Melbourne-Titusville, FL",12,Florida,9,Brevard,28.053611,-80.628611
01/12/2021,AQS,120090007,3,22,ug/m3 SC,20,Melbourne,1,100,81102,PM10 Total 0-10um STP,37340,"Palm Bay-Melbourne-Titusville, FL",12,Florida,9,Brevard,28.053611,-80.628611
01/13/2021,AQS,120090007,3,20,ug/m3 SC,19,Melbourne,1,100,81102,PM10 Total 0-10um STP,37340,"Palm Bay-Melbourne-Titusville, FL",12,Florida,9,Brevard,28.053611,-80.628611
01/14/2021,AQS,120090007,3,16,ug/m3 SC,15,Melbourne,1,100,81102,PM10 Total 0-10um STP,37340,"Palm Bay-Melbourne-Titusville, FL",12,Florida,9,Brevard,28.053611,-80.628611
01/15/2021,AQS,120090007,3,15,ug/m3 SC,14,Melbourne,1,100,81102,PM10 Total 0-10um STP,37340,"Palm Bay-Melbourne-Titusville, FL",12,Florida,9,Brevard,28.053611,-80.628611
01/16/2021,AQS,120090007,3,20,ug/m3 SC,19,Melbourne,1,100,81102,PM10 Total 0-10um STP,37340,"Palm Bay-Melbourne-Titusville, FL",12,Florida,9,Brevard,28.053611,-80.628611
01/17/2021,AQS,120090007,3,23,ug/m3 SC,21,Melbourne,1,100,81102,PM10 Total 0-10um STP,37340,"Palm Bay-Melbourne-Titusville, FL",12,Florida,9,Brevard,28.053611,-80.628611
01/18/2021,AQS,120090007,3,20,ug/m3 SC,19,Melbourne,1,100,81102,PM10 Total 0-10um STP,37340,"Palm Bay-Melbourne-Titusville, FL",12,Florida,9,Brevard,28.053611,-80.628611
01/19/2021,AQS,120090007,3,21,ug/m3 SC,19,Melbourne,1,100,81102,PM10 Total 0-10um STP,37340,"Palm Bay-Melbourne-Titusville, FL",12,Florida,9,Brevard,28.053611,-80.628611
01/20/2021,AQS,120090007,3,25,ug/m3 SC,23,Melbourne,1,100,81102,PM10 Total 0-10um STP,37340,"Palm Bay-Melbourne-Titusville, FL",12,Florida,9,Brevard,28.053611,-80.628611
01/21/2021,AQS,120090007,3,28,ug/m3 SC,26,Melbourne,1,100,81102,PM10 Total 0-10um STP,37340,"Palm Bay-Melbourne-Titusville, FL",12,Florida,9,Brevard,28.053611,-80.628611
01/22/2021,AQS,120090007,3,19,ug/m3 SC,18,Melbourne,1,100,81102,PM10 Total 0-10um STP,37340,"Palm Bay-Melbourne-Titusville, FL",12,Florida,9,Brevard,28.053611,-80.628611
01/23/2021,AQS,120090007,3,16,ug/m3 SC,15,Melbourne,1,100,81102,PM10 Total 0-10um STP,37340,"Palm Bay-Melbourne-Titusville, FL",12,Florida,9,Brevard,28.053611,-80.628611
01/24/2021,AQS,120090007,3,15,ug/m3 SC,14,Melbourne,1,100,81102,PM10 Total 0-10um STP,37340,"Palm Bay-Melbourne-Titusville, FL",12,Florida,9,Brevard,28.053611,-80.628611
01/25/2021,AQS,120090007,3,17,ug/m3 SC,16,Melbourne,1,100,81102,PM10 Total 0-10um STP,37340,"Palm Bay-Melbourne-Titusville, FL",12,Florida,9,Brevard,28.053611,-80.628611
01/26/2021,AQS,120090007,3,15,ug/m3 SC,14,Melbourne,1,100,81102,PM10 Total 0-10um STP,37340,"Palm Bay-Melbourne-Titusville, FL",12,Florida,9,Brevard,28.053611,-80.628611
01/27/2021,AQS,120090007,3,18,ug/m3 SC,17,Melbourne,1,100,81102,PM10 Total 0-10um STP,37340,"Palm Bay-Melbourne-Titusville, FL",12,Florida,9,Brevard,28.053611,-80.628611
01/28/2021,AQS,120090007,3,18,ug/m3 SC,17,Melbourne,1,100,81102,PM10 Total 0-10um STP,37340,"Palm Bay-Melbourne-Titusville, FL",12,Florida,9,Brevard,28.053611,-80.628611
01/29/2021,AQS,120090007,3,14,ug/m3 SC,13,Melbourne,1,100,81102,PM10 Total 0-10um STP,37340,"Palm Bay-Melbourne-Titusville, FL",12,Florida,9,Brevard,28.053611,-80.628611
01/30/2021,AQS,120090007,3,14,ug/m3 SC,13,Melbourne,1,100,81102,PM10 Total 0-10um STP,37340,"Palm Bay-Melbourne-Titusville, FL",12,Florida,9,Brevard,28.053611,-80.628611
01/31/2021,AQS,120090007,3,17,ug/m3 SC,16,Melbourne,1,100,81102,PM10 Total 0-10um STP,37340,"Palm Bay-Melbourne-Titusville, FL",12,Florida,9,Brevard,28.053611,-80.628611
02/01/2021,AQS,120090007,3,22,ug/m3 SC,20,Melbourne,1,100,81102,PM10 Total 0-10um STP,37340,"Palm Bay-Melbourne-Titusville, FL",12,Florida,9,Brevard,28.053611,-80.628611
02/02/2021,AQS,120090007,3,12,ug/m3 SC,11,Melbourne,1,100,81102,PM10 Total 0-10um STP,37340,"Palm Bay-Melbourne-Titusville, FL",12,Florida,9,Brevard,28.053611,-80.628611
02/03/2021,AQS,120090007,3,16,ug/m3 SC,15,Melbourne,1,100,81102,PM10 Total 0-10um STP,37340,"Palm Bay-Melbourne-Titusville, FL",12,Florida,9,Brevard,28.053611,-80.628611
02/04/2021,AQS,120090007,3,30,ug/m3 SC,28,Melbourne,1,100,81102,PM10 Total 0-10um STP,37340,"Palm Bay-Melbourne-Titusville, FL",12,Florida,9,Brevard,28.053611,-80.628611
02/05/2021,AQS,120090007,3,26,ug/m3 SC,24,Melbourne,1,100,81102,PM10 Total 0-10um STP,37340,"Palm Bay-Melbourne-Titusville, FL",12,Florida,9,Brevard,28.053611,-80.628611
02/06/2021,AQS,120090007,3,22,ug/m3 SC,20,Melbourne,1,100,81102,PM10 Total 0-10um STP,37340,"Palm Bay-Melbourne-Titusville, FL",12,Florida,9,Brevard,28.053611,-80.628611
02/07/2021,AQS,120090007,3,16,ug/m3 SC,15,Melbourne,1,100,81102,PM10 Total 0-10um STP,37340,"Palm Bay-Melbourne-Titusville, FL",12,Florida,9,Brevard,28.053611,-80.628611
02/08/2021,AQS,120090007,3,20,ug/m3 SC,19,Melbourne,1,100,81102,PM10 Total 0-10um STP,37340,"Palm Bay-Melbourne-Titusville, FL",12,Florida,9,Brevard,28.053611,-80.628611
02/09/2021,AQS,120090007,3,14,ug/m3 SC,13,Melbourne,1,100,81102,PM10 Total 0-10um STP,37340,"Palm Bay-Melbourne-Titusville, FL",12,Florida,9,Brevard,28.053611,-80.628611
02/10/2021,AQS,120090007,3,13,ug/m3 SC,12,Melbourne,1,100,81102,PM10 Total 0-10um STP,37340,"Palm Bay-Melbourne-Titusville, FL",12,Florida,9,Brevard,28.053611,-80.628611
02/11/2021,AQS,120090007,3,13,ug/m3 SC,12,Melbourne,1,100,81102,PM10 Total 0-10um STP,37340,"Palm Bay-Melbourne-Titusville, FL",12,Florida,9,Brevard,28.053611,-80.628611
02/12/2021,AQS,120090007,3,17,ug/m3 SC,16,Melbourne,1,100,81102,PM10 Total 0-10um STP,37340,"Palm Bay-Melbourne-Titusville, FL",12,Florida,9,Brevard,28.053611,-80.628611
02/13/2021,AQS,120090007,3,18,ug/m3 SC,17,Melbourne,1,100,81102,PM10 Total 0-10um STP,37340,"Palm Bay-Melbourne-Titusville, FL",12,Florida,9,Brevard,28.053611,-80.628611
02/14/2021,AQS,120090007,3,13,ug/m3 SC,12,Melbourne,1,100,81102,PM10 Total 0-10um STP,37340,"Palm Bay-Melbourne-Titusville, FL",12,Florida,9,Brevard,28.053611,-80.628611
02/15/2021,AQS,120090007,3,18,ug/m3 SC,17,Melbourne,1,100,81102,PM10 Total 0-10um STP,37340,"Palm Bay-Melbourne-Titusville, FL",12,Florida,9,Brevard,28.053611,-80.628611
02/16/2021,AQS,120090007,3,17,ug/m3 SC,16,Melbourne,1,100,81102,PM10 Total 0-10um STP,37340,"Palm Bay-Melbourne-Titusville, FL",12,Florida,9,Brevard,28.053611,-80.628611
02/17/2021,AQS,120090007,3,15,ug/m3 SC,14,Melbourne,1,100,81102,PM10 Total 0-10um STP,37340,"Palm Bay-Melbourne-Titusville, FL",12,Florida,9,Brevard,28.053611,-80.628611
02/18/2021,AQS,120090007,3,22,ug/m3 SC,20,Melbourne,1,100,81102,PM10 Total 0-10um STP,37340,"Palm Bay-Melbourne-Titusville, FL",12,Florida,9,Brevard,28.053611,-80.628611
02/19/2021,AQS,120090007,3,17,ug/m3 SC,16,Melbourne,1,100,81102,PM10 Total 0-10um STP,37340,"Palm Bay-Melbourne-Titusville, FL",12,Florida,9,Brevard,28.053611,-80.628611
02/20/2021,AQS,120090007,3,13,ug/m3 SC,12,Melbourne,1,100,81102,PM10 Total 0-10um STP,37340,"Palm Bay-Melbourne-Titusville, FL",12,Florida,9,Brevard,28.053611,-80.628611
02/21/2021,AQS,120090007,3,18,ug/m3 SC,17,Melbourne,1,100,81102,PM10 Total 0-10um STP,37340,"Palm Bay-Melbourne-Titusville, FL",12,Florida,9,Brevard,28.053611,-80.628611
02/22/2021,AQS,120090007,3,21,ug/m3 SC,19,Melbourne,1,100,81102,PM10 Total 0-10um STP,37340,"Palm Bay-Melbourne-Titusville, FL",12,Florida,9,Brevard,28.053611,-80.628611
02/23/2021,AQS,120090007,3,15,ug/m3 SC,14,Melbourne,1,100,81102,PM10 Total 0-10um STP,37340,"Palm Bay-Melbourne-Titusville, FL",12,Florida,9,Brevard,28.053611,-80.628611
02/24/2021,AQS,120090007,3,16,ug/m3 SC,15,Melbourne,1,100,81102,PM10 Total 0-10um STP,37340,"Palm Bay-Melbourne-Titusville, FL",12,Florida,9,Brevard,28.053611,-80.628611
02/25/2021,AQS,120090007,3,19,ug/m3 SC,18,Melbourne,1,100,81102,PM10 Total 0-10um STP,37340,"Palm Bay-Melbourne-Titusville, FL",12,Florida,9,Brevard,28.053611,-80.628611
02/26/2021,AQS,120090007,3,23,ug/m3 SC,21,Melbourne,1,100,81102,PM10 Total 0-10um STP,37340,"Palm Bay-Melbourne-Titusville, FL",12,Florida,9,Brevard,28.053611,-80.628611
02/27/2021,AQS,120090007,3,13,ug/m3 SC,12,Melbourne,1,100,81102,PM10 Total 0-10um STP,37340,"Palm Bay-Melbourne-Titusville, FL",12,Florida,9,Brevard,28.053611,-80.628611
02/28/2021,AQS,120090007,3,21,ug/m3 SC,19,Melbourne,1,100,81102,PM10 Total 0-10um STP,37340,"Palm Bay-Melbourne-Titusville, FL",12,Florida,9,Brevard,28.053611,-80.628611
03/01/2021,AQS,120090007,3,21,ug/m3 SC,19,Melbourne,1,100,81102,PM10 Total 0-10um STP,37340,"Palm Bay-Melbourne-Titusville, FL",12,Florida,9,Brevard,28.053611,-80.628611
03/02/2021,AQS,120090007,3,20,ug/m3 SC,19,Melbourne,1,100,81102,PM10 Total 0-10um STP,37340,"Palm Bay-Melbourne-Titusville, FL",12,Florida,9,Brevard,28.053611,-80.628611
03/03/2021,AQS,120090007,3,13,ug/m3 SC,12,Melbourne,1,100,81102,PM10 Total 0-10um STP,37340,"Palm Bay-Melbourne-Titusville, FL",12,Florida,9,Brevard,28.053611,-80.628611
03/04/2021,AQS,120090007,3,11,ug/m3 SC,10,Melbourne,1,100,81102,PM10 Total 0-10um STP,37340,"Palm Bay-Melbourne-Titusville, FL",12,Florida,9,Brevard,28.053611,-80.628611
03/05/2021,AQS,120090007,3,13,ug/m3 SC,12,Melbourne,1,100,81102,PM10 Total 0-10um STP,37340,"Palm Bay-Melbourne-Titusville, FL",12,Florida,9,Brevard,28.053611,-80.628611
03/06/2021,AQS,120090007,3,15,ug/m3 SC,14,Melbourne,1,100,81102,PM10 Total 0-10um STP,37340,"Palm Bay-Melbourne-Titusville, FL",12,Florida,9,Brevard,28.053611,-80.628611
03/07/2021,AQS,120090007,3,20,ug/m3 SC,19,Melbourne,1,100,81102,PM10 Total 0-10um STP,37340,"Palm Bay-Melbourne-Titusville, FL",12,Florida,9,Brevard,28.053611,-80.628611
03/08/2021,AQS,120090007,3,18,ug/m3 SC,17,Melbourne,1,100,81102,PM10 Total 0-10um STP,37340,"Palm Bay-Melbourne-Titusville, FL",12,Florida,9,Brevard,28.053611,-80.628611
03/09/2021,AQS,120090007,3,15,ug/m3 SC,14,Melbourne,1,100,81102,PM10 Total 0-10um STP,37340,"Palm Bay-Melbourne-Titusville, FL",12,Florida,9,Brevard,28.053611,-80.628611
03/10/2021,AQS,120090007,3,15,ug/m3 SC,14,Melbourne,1,100,81102,PM10 Total 0-10um STP,37340,"Palm Bay-Melbourne-Titusville, FL",12,Florida,9,Brevard,28.053611,-80.628611
03/11/2021,AQS,120090007,3,18,ug/m3 SC,17,Melbourne,1,100,81102,PM10 Total 0-10um STP,37340,"Palm Bay-Melbourne-Titusville, FL",12,Florida,9,Brevard,28.053611,-80.628611
03/12/2021,AQS,120090007,3,19,ug/m3 SC,18,Melbourne,1,100,81102,PM10 Total 0-10um STP,37340,"Palm Bay-Melbourne-Titusville, FL",12,Florida,9,Brevard,28.053611,-80.628611
03/13/2021,AQS,120090007,3,17,ug/m3 SC,16,Melbourne,1,100,81102,PM10 Total 0-10um STP,37340,"Palm Bay-Melbourne-Titusville, FL",12,Florida,9,Brevard,28.053611,-80.628611
03/14/2021,AQS,120090007,3,14,ug/m3 SC,13,Melbourne,1,100,81102,PM10 Total 0-10um STP,37340,"Palm Bay-Melbourne-Titusville, FL",12,Florida,9,Brevard,28.053611,-80.628611
03/15/2021,AQS,120090007,3,16,ug/m3 SC,15,Melbourne,1,100,81102,PM10 Total 0-10um STP,37340,"Palm Bay-Melbourne-Titusville, FL",12,Florida,9,Brevard,28.053611,-80.628611
03/16/2021,AQS,120090007,3,21,ug/m3 SC,19,Melbourne,1,100,81102,PM10 Total 0-10um STP,37340,"Palm Bay-Melbourne-Titusville, FL",12,Florida,9,Brevard,28.053611,-80.628611
03/17/2021,AQS,120090007,3,32,ug/m3 SC,30,Melbourne,1,100,81102,PM10 Total 0-10um STP,37340,"Palm Bay-Melbourne-Titusville, FL",12,Florida,9,Brevard,28.053611,-80.628611
03/18/2021,AQS,120090007,3,27,ug/m3 SC,25,Melbourne,1,100,81102,PM10 Total 0-10um STP,37340,"Palm Bay-Melbourne-Titusville, FL",12,Florida,9,Brevard,28.053611,-80.628611
03/19/2021,AQS,120090007,3,22,ug/m3 SC,20,Melbourne,1,100,81102,PM10 Total 0-10um STP,37340,"Palm Bay-Melbourne-Titusville, FL",12,Florida,9,Brevard,28.053611,-80.628611
03/20/2021,AQS,120090007,3,15,ug/m3 SC,14,Melbourne,1,100,81102,PM10 Total 0-10um STP,37340,"Palm Bay-Melbourne-Titusville, FL",12,Florida,9,Brevard,28.053611,-80.628611
03/21/2021,AQS,120090007,3,11,ug/m3 SC,10,Melbourne,1,100,81102,PM10 Total 0-10um STP,37340,"Palm Bay-Melbourne-Titusville, FL",12,Florida,9,Brevard,28.053611,-80.628611
03/22/2021,AQS,120090007,3,11,ug/m3 SC,10,Melbourne,1,100,81102,PM10 Total 0-10um STP,37340,"Palm Bay-Melbourne-Titusville, FL",12,Florida,9,Brevard,28.053611,-80.628611
03/23/2021,AQS,120090007,3,12,ug/m3 SC,11,Melbourne,1,100,81102,PM10 Total 0-10um STP,37340,"Palm Bay-Melbourne-Titusville, FL",12,Florida,9,Brevard,28.053611,-80.628611
03/24/2021,AQS,120090007,3,18,ug/m3 SC,17,Melbourne,1,100,81102,PM10 Total 0-10um STP,37340,"Palm Bay-Melbourne-Titusville, FL",12,Florida,9,Brevard,28.053611,-80.628611
03/25/2021,AQS,120090007,3,21,ug/m3 SC,19,Melbourne,1,100,81102,PM10 Total 0-10um STP,37340,"Palm Bay-Melbourne-Titusville, FL",12,Florida,9,Brevard,28.053611,-80.628611
03/26/2021,AQS,120090007,3,16,ug/m3 SC,15,Melbourne,1,100,81102,PM10 Total 0-10um STP,37340,"Palm Bay-Melbourne-Titusville, FL",12,Florida,9,Brevard,28.053611,-80.628611
03/27/2021,AQS,120090007,3,16,ug/m3 SC,15,Melbourne,1,100,81102,PM10 Total 0-10um STP,37340,"Palm Bay-Melbourne-Titusville, FL",12,Florida,9,Brevard,28.053611,-80.628611
03/28/2021,AQS,120090007,3,20,ug/m3 SC,19,Melbourne,1,100,81102,PM10 Total 0-10um STP,37340,"Palm Bay-Melbourne-Titusville, FL",12,Florida,9,Brevard,28.053611,-80.628611
03/29/2021,AQS,120090007,3,24,ug/m3 SC,22,Melbourne,1,100,81102,PM10 Total 0-10um STP,37340,"Palm Bay-Melbourne-Titusville, FL",12,Florida,9,Brevard,28.053611,-80.628611
03/30/2021,AQS,120090007,3,20,ug/m3 SC,19,Melbourne,1,100,81102,PM10 Total 0-10um STP,37340,"Palm Bay-Melbourne-Titusville, FL",12,Florida,9,Brevard,28.053611,-80.628611
03/31/2021,AQS,120090007,3,19,ug/m3 SC,18,Melbourne,1,100,81102,PM10 Total 0-10um STP,37340,"Palm Bay-Melbourne-Titusville, FL",12,Florida,9,Brevard,28.053611,-80.628611
04/01/2021,AQS,120090007,3,17,ug/m3 SC,16,Melbourne,1,100,81102,PM10 Total 0-10um STP,37340,"Palm Bay-Melbourne-Titusville, FL",12,Florida,9,Brevard,28.053611,-80.628611
04/02/2021,AQS,120090007,3,21,ug/m3 SC,19,Melbourne,1,100,81102,PM10 Total 0-10um STP,37340,"Palm Bay-Melbourne-Titusville, FL",12,Florida,9,Brevard,28.053611,-80.628611
04/03/2021,AQS,120090007,3,17,ug/m3 SC,16,Melbourne,1,100,81102,PM10 Total 0-10um STP,37340,"Palm Bay-Melbourne-Titusville, FL",12,Florida,9,Brevard,28.053611,-80.628611
04/04/2021,AQS,120090007,3,18,ug/m3 SC,17,Melbourne,1,100,81102,PM10 Total 0-10um STP,37340,"Palm Bay-Melbourne-Titusville, FL",12,Florida,9,Brevard,28.053611,-80.628611
04/05/2021,AQS,120090007,3,17,ug/m3 SC,16,Melbourne,1,100,81102,PM10 Total 0-10um STP,37340,"Palm Bay-Melbourne-Titusville, FL",12,Florida,9,Brevard,28.053611,-80.628611
04/06/2021,AQS,120090007,3,25,ug/m3 SC,23,Melbourne,1,100,81102,PM10 Total 0-10um STP,37340,"Palm Bay-Melbourne-Titusville, FL",12,Florida,9,Brevard,28.053611,-80.628611
04/07/2021,AQS,120090007,3,26,ug/m3 SC,24,Melbourne,1,100,81102,PM10 Total 0-10um STP,37340,"Palm Bay-Melbourne-Titusville, FL",12,Florida,9,Brevard,28.053611,-80.628611
04/08/2021,AQS,120090007,3,22,ug/m3 SC,20,Melbourne,1,100,81102,PM10 Total 0-10um STP,37340,"Palm Bay-Melbourne-Titusville, FL",12,Florida,9,Brevard,28.053611,-80.628611
04/09/2021,AQS,120090007,3,21,ug/m3 SC,19,Melbourne,1,100,81102,PM10 Total 0-10um STP,37340,"Palm Bay-Melbourne-Titusville, FL",12,Florida,9,Brevard,28.053611,-80.628611
04/10/2021,AQS,120090007,3,21,ug/m3 SC,19,Melbourne,1,100,81102,PM10 Total 0-10um STP,37340,"Palm Bay-Melbourne-Titusville, FL",12,Florida,9,Brevard,28.053611,-80.628611
04/11/2021,AQS,120090007,3,16,ug/m3 SC,15,Melbourne,1,100,81102,PM10 Total 0-10um STP,37340,"Palm Bay-Melbourne-Titusville, FL",12,Florida,9,Brevard,28.053611,-80.628611
04/12/2021,AQS,120090007,3,18,ug/m3 SC,17,Melbourne,1,100,81102,PM10 Total 0-10um STP,37340,"Palm Bay-Melbourne-Titusville, FL",12,Florida,9,Brevard,28.053611,-80.628611
04/13/2021,AQS,120090007,3,25,ug/m3 SC,23,Melbourne,1,100,81102,PM10 Total 0-10um STP,37340,"Palm Bay-Melbourne-Titusville, FL",12,Florida,9,Brevard,28.053611,-80.628611
04/14/2021,AQS,120090007,3,21,ug/m3 SC,19,Melbourne,1,100,81102,PM10 Total 0-10um STP,37340,"Palm Bay-Melbourne-Titusville, FL",12,Florida,9,Brevard,28.053611,-80.628611
04/15/2021,AQS,120090007,3,23,ug/m3 SC,21,Melbourne,1,100,81102,PM10 Total 0-10um STP,37340,"Palm Bay-Melbourne-Titusville, FL",12,Florida,9,Brevard,28.053611,-80.628611
04/16/2021,AQS,120090007,3,25,ug/m3 SC,23,Melbourne,1,100,81102,PM10 Total 0-10um STP,37340,"Palm Bay-Melbourne-Titusville, FL",12,Florida,9,Brevard,28.053611,-80.628611
04/17/2021,AQS,120090007,3,30,ug/m3 SC,28,Melbourne,1,100,81102,PM10 Total 0-10um STP,37340,"Palm Bay-Melbourne-Titusville, FL",12,Florida,9,Brevard,28.053611,-80.628611
04/18/2021,AQS,120090007,3,20,ug/m3 SC,19,Melbourne,1,100,81102,PM10 Total 0-10um STP,37340,"Palm Bay-Melbourne-Titusville, FL",12,Florida,9,Brevard,28.053611,-80.628611
04/19/2021,AQS,120090007,3,10,ug/m3 SC,9,Melbourne,1,100,81102,PM10 Total 0-10um STP,37340,"Palm Bay-Melbourne-Titusville, FL",12,Florida,9,Brevard,28.053611,-80.628611
04/20/2021,AQS,120090007,3,11,ug/m3 SC,10,Melbourne,1,100,81102,PM10 Total 0-10um STP,37340,"Palm Bay-Melbourne-Titusville, FL",12,Florida,9,Brevard,28.053611,-80.628611
04/21/2021,AQS,120090007,3,17,ug/m3 SC,16,Melbourne,1,100,81102,PM10 Total 0-10um STP,37340,"Palm Bay-Melbourne-Titusville, FL",12,Florida,9,Brevard,28.053611,-80.628611
04/22/2021,AQS,120090007,3,25,ug/m3 SC,23,Melbourne,1,100,81102,PM10 Total 0-10um STP,37340,"Palm Bay-Melbourne-Titusville, FL",12,Florida,9,Brevard,28.053611,-80.628611
04/23/2021,AQS,120090007,3,19,ug/m3 SC,18,Melbourne,1,100,81102,PM10 Total 0-10um STP,37340,"Palm Bay-Melbourne-Titusville, FL",12,Florida,9,Brevard,28.053611,-80.628611
04/24/2021,AQS,120090007,3,24,ug/m3 SC,22,Melbourne,1,100,81102,PM10 Total 0-10um STP,37340,"Palm Bay-Melbourne-Titusville, FL",12,Florida,9,Brevard,28.053611,-80.628611
04/25/2021,AQS,120090007,3,26,ug/m3 SC,24,Melbourne,1,100,81102,PM10 Total 0-10um STP,37340,"Palm Bay-Melbourne-Titusville, FL",12,Florida,9,Brevard,28.053611,-80.628611
04/26/2021,AQS,120090007,3,17,ug/m3 SC,16,Melbourne,1,100,81102,PM10 Total 0-10um STP,37340,"Palm Bay-Melbourne-Titusville, FL",12,Florida,9,Brevard,28.053611,-80.628611
04/27/2021,AQS,120090007,3,17,ug/m3 SC,16,Melbourne,1,100,81102,PM10 Total 0-10um STP,37340,"Palm Bay-Melbourne-Titusville, FL",12,Florida,9,Brevard,28.053611,-80.628611
04/28/2021,AQS,120090007,3,18,ug/m3 SC,17,Melbourne,1,100,81102,PM10 Total 0-10um STP,37340,"Palm Bay-Melbourne-Titusville, FL",12,Florida,9,Brevard,28.053611,-80.628611
04/29/2021,AQS,120090007,3,20,ug/m3 SC,19,Melbourne,1,100,81102,PM10 Total 0-10um STP,37340,"Palm Bay-Melbourne-Titusville, FL",12,Florida,9,Brevard,28.053611,-80.628611
04/30/2021,AQS,120090007,3,18,ug/m3 SC,17,Melbourne,1,100,81102,PM10 Total 0-10um STP,37340,"Palm Bay-Melbourne-Titusville, FL",12,Florida,9,Brevard,28.053611,-80.628611
05/01/2021,AQS,120090007,3,23,ug/m3 SC,21,Melbourne,1,100,81102,PM10 Total 0-10um STP,37340,"Palm Bay-Melbourne-Titusville, FL",12,Florida,9,Brevard,28.053611,-80.628611
05/02/2021,AQS,120090007,3,18,ug/m3 SC,17,Melbourne,1,100,81102,PM10 Total 0-10um STP,37340,"Palm Bay-Melbourne-Titusville, FL",12,Florida,9,Brevard,28.053611,-80.628611
05/03/2021,AQS,120090007,3,17,ug/m3 SC,16,Melbourne,1,100,81102,PM10 Total 0-10um STP,37340,"Palm Bay-Melbourne-Titusville, FL",12,Florida,9,Brevard,28.053611,-80.628611
05/04/2021,AQS,120090007,3,20,ug/m3 SC,19,Melbourne,1,100,81102,PM10 Total 0-10um STP,37340,"Palm Bay-Melbourne-Titusville, FL",12,Florida,9,Brevard,28.053611,-80.628611
05/05/2021,AQS,120090007,3,19,ug/m3 SC,18,Melbourne,1,100,81102,PM10 Total 0-10um STP,37340,"Palm Bay-Melbourne-Titusville, FL",12,Florida,9,Brevard,28.053611,-80.628611
05/06/2021,AQS,120090007,3,18,ug/m3 SC,17,Melbourne,1,100,81102,PM10 Total 0-10um STP,37340,"Palm Bay-Melbourne-Titusville, FL",12,Florida,9,Brevard,28.053611,-80.628611
05/07/2021,AQS,120090007,3,16,ug/m3 SC,15,Melbourne,1,100,81102,PM10 Total 0-10um STP,37340,"Palm Bay-Melbourne-Titusville, FL",12,Florida,9,Brevard,28.053611,-80.628611
05/08/2021,AQS,120090007,3,18,ug/m3 SC,17,Melbourne,1,100,81102,PM10 Total 0-10um STP,37340,"Palm Bay-Melbourne-Titusville, FL",12,Florida,9,Brevard,28.053611,-80.628611
05/09/2021,AQS,120090007,3,18,ug/m3 SC,17,Melbourne,1,100,81102,PM10 Total 0-10um STP,37340,"Palm Bay-Melbourne-Titusville, FL",12,Florida,9,Brevard,28.053611,-80.628611
05/10/2021,AQS,120090007,3,18,ug/m3 SC,17,Melbourne,1,100,81102,PM10 Total 0-10um STP,37340,"Palm Bay-Melbourne-Titusville, FL",12,Florida,9,Brevard,28.053611,-80.628611
05/11/2021,AQS,120090007,3,16,ug/m3 SC,15,Melbourne,1,100,81102,PM10 Total 0-10um STP,37340,"Palm Bay-Melbourne-Titusville, FL",12,Florida,9,Brevard,28.053611,-80.628611
05/12/2021,AQS,120090007,3,15,ug/m3 SC,14,Melbourne,1,100,81102,PM10 Total 0-10um STP,37340,"Palm Bay-Melbourne-Titusville, FL",12,Florida,9,Brevard,28.053611,-80.628611
05/13/2021,AQS,120090007,3,16,ug/m3 SC,15,Melbourne,1,100,81102,PM10 Total 0-10um STP,37340,"Palm Bay-Melbourne-Titusville, FL",12,Florida,9,Brevard,28.053611,-80.628611
05/14/2021,AQS,120090007,3,17,ug/m3 SC,16,Melbourne,1,100,81102,PM10 Total 0-10um STP,37340,"Palm Bay-Melbourne-Titusville, FL",12,Florida,9,Brevard,28.053611,-80.628611
05/15/2021,AQS,120090007,3,18,ug/m3 SC,17,Melbourne,1,100,81102,PM10 Total 0-10um STP,37340,"Palm Bay-Melbourne-Titusville, FL",12,Florida,9,Brevard,28.053611,-80.628611
05/16/2021,AQS,120090007,3,16,ug/m3 SC,15,Melbourne,1,100,81102,PM10 Total 0-10um STP,37340,"Palm Bay-Melbourne-Titusville, FL",12,Florida,9,Brevard,28.053611,-80.628611
05/17/2021,AQS,120090007,3,15,ug/m3 SC,14,Melbourne,1,100,81102,PM10 Total 0-10um STP,37340,"Palm Bay-Melbourne-Titusville, FL",12,Florida,9,Brevard,28.053611,-80.628611
05/18/2021,AQS,120090007,3,14,ug/m3 SC,13,Melbourne,1,100,81102,PM10 Total 0-10um STP,37340,"Palm Bay-Melbourne-Titusville, FL",12,Florida,9,Brevard,28.053611,-80.628611
05/19/2021,AQS,120090007,3,21,ug/m3 SC,19,Melbourne,1,100,81102,PM10 Total 0-10um STP,37340,"Palm Bay-Melbourne-Titusville, FL",12,Florida,9,Brevard,28.053611,-80.628611
05/20/2021,AQS,120090007,3,22,ug/m3 SC,20,Melbourne,1,100,81102,PM10 Total 0-10um STP,37340,"Palm Bay-Melbourne-Titusville, FL",12,Florida,9,Brevard,28.053611,-80.628611
05/21/2021,AQS,120090007,3,22,ug/m3 SC,20,Melbourne,1,100,81102,PM10 Total 0-10um STP,37340,"Palm Bay-Melbourne-Titusville, FL",12,Florida,9,Brevard,28.053611,-80.628611
05/22/2021,AQS,120090007,3,18,ug/m3 SC,17,Melbourne,1,100,81102,PM10 Total 0-10um STP,37340,"Palm Bay-Melbourne-Titusville, FL",12,Florida,9,Brevard,28.053611,-80.628611
05/23/2021,AQS,120090007,3,15,ug/m3 SC,14,Melbourne,1,100,81102,PM10 Total 0-10um STP,37340,"Palm Bay-Melbourne-Titusville, FL",12,Florida,9,Brevard,28.053611,-80.628611
05/24/2021,AQS,120090007,3,14,ug/m3 SC,13,Melbourne,1,100,81102,PM10 Total 0-10um STP,37340,"Palm Bay-Melbourne-Titusville, FL",12,Florida,9,Brevard,28.053611,-80.628611
05/25/2021,AQS,120090007,3,16,ug/m3 SC,15,Melbourne,1,100,81102,PM10 Total 0-10um STP,37340,"Palm Bay-Melbourne-Titusville, FL",12,Florida,9,Brevard,28.053611,-80.628611
05/26/2021,AQS,120090007,3,18,ug/m3 SC,17,Melbourne,1,100,81102,PM10 Total 0-10um STP,37340,"Palm Bay-Melbourne-Titusville, FL",12,Florida,9,Brevard,28.053611,-80.628611
05/27/2021,AQS,120090007,3,18,ug/m3 SC,17,Melbourne,1,100,81102,PM10 Total 0-10um STP,37340,"Palm Bay-Melbourne-Titusville, FL",12,Florida,9,Brevard,28.053611,-80.628611
05/28/2021,AQS,120090007,3,19,ug/m3 SC,18,Melbourne,1,100,81102,PM10 Total 0-10um STP,37340,"Palm Bay-Melbourne-Titusville, FL",12,Florida,9,Brevard,28.053611,-80.628611
05/29/2021,AQS,120090007,3,18,ug/m3 SC,17,Melbourne,1,100,81102,PM10 Total 0-10um STP,37340,"Palm Bay-Melbourne-Titusville, FL",12,Florida,9,Brevard,28.053611,-80.628611
05/30/2021,AQS,120090007,3,16,ug/m3 SC,15,Melbourne,1,100,81102,PM10 Total 0-10um STP,37340,"Palm Bay-Melbourne-Titusville, FL",12,Florida,9,Brevard,28.053611,-80.628611
05/31/2021,AQS,120090007,3,16,ug/m3 SC,15,Melbourne,1,100,81102,PM10 Total 0-10um STP,37340,"Palm Bay-Melbourne-Titusville, FL",12,Florida,9,Brevard,28.053611,-80.628611
06/01/2021,AQS,120090007,3,12,ug/m3 SC,11,Melbourne,1,100,81102,PM10 Total 0-10um STP,37340,"Palm Bay-Melbourne-Titusville, FL",12,Florida,9,Brevard,28.053611,-80.628611
06/02/2021,AQS,120090007,3,11,ug/m3 SC,10,Melbourne,1,100,81102,PM10 Total 0-10um STP,37340,"Palm Bay-Melbourne-Titusville, FL",12,Florida,9,Brevard,28.053611,-80.628611
06/03/2021,AQS,120090007,3,14,ug/m3 SC,13,Melbourne,1,100,81102,PM10 Total 0-10um STP,37340,"Palm Bay-Melbourne-Titusville, FL",12,Florida,9,Brevard,28.053611,-80.628611
06/04/2021,AQS,120090007,3,15,ug/m3 SC,14,Melbourne,1,100,81102,PM10 Total 0-10um STP,37340,"Palm Bay-Melbourne-Titusville, FL",12,Florida,9,Brevard,28.053611,-80.628611
06/05/2021,AQS,120090007,3,16,ug/m3 SC,15,Melbourne,1,100,81102,PM10 Total 0-10um STP,37340,"Palm Bay-Melbourne-Titusville, FL",12,Florida,9,Brevard,28.053611,-80.628611
06/06/2021,AQS,120090007,3,21,ug/m3 SC,19,Melbourne,1,100,81102,PM10 Total 0-10um STP,37340,"Palm Bay-Melbourne-Titusville, FL",12,Florida,9,Brevard,28.053611,-80.628611
06/07/2021,AQS,120090007,3,19,ug/m3 SC,18,Melbourne,1,100,81102,PM10 Total 0-10um STP,37340,"Palm Bay-Melbourne-Titusville, FL",12,Florida,9,Brevard,28.053611,-80.628611
06/08/2021,AQS,120090007,3,18,ug/m3 SC,17,Melbourne,1,100,81102,PM10 Total 0-10um STP,37340,"Palm Bay-Melbourne-Titusville, FL",12,Florida,9,Brevard,28.053611,-80.628611
06/09/2021,AQS,120090007,3,15,ug/m3 SC,14,Melbourne,1,100,81102,PM10 Total 0-10um STP,37340,"Palm Bay-Melbourne-Titusville, FL",12,Florida,9,Brevard,28.053611,-80.628611
06/10/2021,AQS,120090007,3,14,ug/m3 SC,13,Melbourne,1,100,81102,PM10 Total 0-10um STP,37340,"Palm Bay-Melbourne-Titusville, FL",12,Florida,9,Brevard,28.053611,-80.628611
06/11/2021,AQS,120090007,3,14,ug/m3 SC,13,Melbourne,1,100,81102,PM10 Total 0-10um STP,37340,"Palm Bay-Melbourne-Titusville, FL",12,Florida,9,Brevard,28.053611,-80.628611
06/12/2021,AQS,120090007,3,14,ug/m3 SC,13,Melbourne,1,100,81102,PM10 Total 0-10um STP,37340,"Palm Bay-Melbourne-Titusville, FL",12,Florida,9,Brevard,28.053611,-80.628611
06/13/2021,AQS,120090007,3,13,ug/m3 SC,12,Melbourne,1,100,81102,PM10 Total 0-10um STP,37340,"Palm Bay-Melbourne-Titusville, FL",12,Florida,9,Brevard,28.053611,-80.628611
06/14/2021,AQS,120090007,3,12,ug/m3 SC,11,Melbourne,1,100,81102,PM10 Total 0-10um STP,37340,"Palm Bay-Melbourne-Titusville, FL",12,Florida,9,Brevard,28.053611,-80.628611
06/15/2021,AQS,120090007,3,21,ug/m3 SC,19,Melbourne,1,100,81102,PM10 Total 0-10um STP,37340,"Palm Bay-Melbourne-Titusville, FL",12,Florida,9,Brevard,28.053611,-80.628611
06/16/2021,AQS,120090007,3,24,ug/m3 SC,22,Melbourne,1,100,81102,PM10 Total 0-10um STP,37340,"Palm Bay-Melbourne-Titusville, FL",12,Florida,9,Brevard,28.053611,-80.628611
06/17/2021,AQS,120090007,3,19,ug/m3 SC,18,Melbourne,1,100,81102,PM10 Total 0-10um STP,37340,"Palm Bay-Melbourne-Titusville, FL",12,Florida,9,Brevard,28.053611,-80.628611
06/18/2021,AQS,120090007,3,28,ug/m3 SC,26,Melbourne,1,100,81102,PM10 Total 0-10um STP,37340,"Palm Bay-Melbourne-Titusville, FL",12,Florida,9,Brevard,28.053611,-80.628611
06/19/2021,AQS,120090007,3,56,ug/m3 SC,51,Melbourne,1,100,81102,PM10 Total 0-10um STP,37340,"Palm Bay-Melbourne-Titusville, FL",12,Florida,9,Brevard,28.053611,-80.628611
06/20/2021,AQS,120090007,3,28,ug/m3 SC,26,Melbourne,1,100,81102,PM10 Total 0-10um STP,37340,"Palm Bay-Melbourne-Titusville, FL",12,Florida,9,Brevard,28.053611,-80.628611
06/21/2021,AQS,120090007,3,22,ug/m3 SC,20,Melbourne,1,100,81102,PM10 Total 0-10um STP,37340,"Palm Bay-Melbourne-Titusville, FL",12,Florida,9,Brevard,28.053611,-80.628611
06/22/2021,AQS,120090007,3,18,ug/m3 SC,17,Melbourne,1,100,81102,PM10 Total 0-10um STP,37340,"Palm Bay-Melbourne-Titusville, FL",12,Florida,9,Brevard,28.053611,-80.628611
06/23/2021,AQS,120090007,3,18,ug/m3 SC,17,Melbourne,1,100,81102,PM10 Total 0-10um STP,37340,"Palm Bay-Melbourne-Titusville, FL",12,Florida,9,Brevard,28.053611,-80.628611
06/24/2021,AQS,120090007,3,14,ug/m3 SC,13,Melbourne,1,100,81102,PM10 Total 0-10um STP,37340,"Palm Bay-Melbourne-Titusville, FL",12,Florida,9,Brevard,28.053611,-80.628611
06/25/2021,AQS,120090007,3,19,ug/m3 SC,18,Melbourne,1,100,81102,PM10 Total 0-10um STP,37340,"Palm Bay-Melbourne-Titusville, FL",12,Florida,9,Brevard,28.053611,-80.628611
06/26/2021,AQS,120090007,3,17,ug/m3 SC,16,Melbourne,1,100,81102,PM10 Total 0-10um STP,37340,"Palm Bay-Melbourne-Titusville, FL",12,Florida,9,Brevard,28.053611,-80.628611
06/27/2021,AQS,120090007,3,20,ug/m3 SC,19,Melbourne,1,100,81102,PM10 Total 0-10um STP,37340,"Palm Bay-Melbourne-Titusville, FL",12,Florida,9,Brevard,28.053611,-80.628611
06/28/2021,AQS,120090007,3,18,ug/m3 SC,17,Melbourne,1,100,81102,PM10 Total 0-10um STP,37340,"Palm Bay-Melbourne-Titusville, FL",12,Florida,9,Brevard,28.053611,-80.628611
06/29/2021,AQS,120090007,3,16,ug/m3 SC,15,Melbourne,1,100,81102,PM10 Total 0-10um STP,37340,"Palm Bay-Melbourne-Titusville, FL",12,Florida,9,Brevard,28.053611,-80.628611
06/30/2021,AQS,120090007,3,13,ug/m3 SC,12,Melbourne,1,100,81102,PM10 Total 0-10um STP,37340,"Palm Bay-Melbourne-Titusville, FL",12,Florida,9,Brevard,28.053611,-80.628611
